0.959291,0.8689612,0.06473713
0.9601246,0.8688617,0.1388733
0.9513829,0.8767885,0.2161706
0.9567349,0.8912169,0.2922103
0.9590925,0.9058396,0.3529986
0.9682605,0.918898,0.4057541
0.97726,0.9295093,0.4355574
0.9897361,0.9390129,0.4567113
0.9932739,0.9488114,0.4557389
0.9929761,0.9582306,0.4467479
0.98298,0.9584371,0.4232012
0.9683641,0.9618074,0.3931515
0.9504842,0.9799904,0.3514948
0.9307314,1.000009,0.3135735
0.9071536,1.052102,0.2598613
0.8770933,1.104255,0.2051177
0.8587139,1.160275,0.146379
0.8361605,1.223343,0.09307563
0.834052,1.268224,0.05290514
0.8406727,1.300627,0.02405432
0.8567898,1.305182,-0.000132948
0.8761245,1.297919,-0.02361831
0.9004351,1.269203,-0.04763475
0.9157083,1.238647,-0.07206318
0.9305637,1.206273,-0.09567095
0.9391594,1.148422,-0.1135874
0.9499848,1.072835,-0.1240423
0.960609,1.005191,-0.1143291
0.9650245,0.9423242,-0.0969613
0.9631556,0.9043237,-0.05638243
0.9619247,0.8756121,-0.008678447
0.959972,0.8688711,0.1277824
0.9551457,0.8699136,0.07463382
0.9529414,0.8820098,0.03920092
0.9552168,0.897559,0.01339278
0.9640333,0.9111355,-0.009103894
0.9698523,0.9246399,-0.03213599
0.9830993,0.9337325,-0.05549905
0.9904083,0.9440167,-0.08081341
0.9956766,0.9528974,-0.1031668
0.9894052,0.9600962,-0.1182332
0.9792312,0.9584053,-0.1223212
0.9617116,0.9672468,-0.1092723
0.9438839,0.9866779,-0.08446981
0.9224995,1.0136,-0.04104787
0.9034693,1.067264,0.01541644
0.872279,1.119063,0.09188518
0.8528975,1.175048,0.16997
0.8337573,1.234255,0.2440291
0.8341542,1.277623,0.3166665
0.8443443,1.301632,0.3778156
0.8605632,1.305767,0.4183447
0.8822764,1.292776,0.4479312
0.9037771,1.263896,0.4564824
0.9202511,1.234576,0.4547992
0.9323734,1.202235,0.4346588
0.9422123,1.138097,0.4124261
0.9522895,1.058151,0.3693783
0.9633404,0.9896866,0.3355967
0.9638343,0.9316142,0.2860934
0.9642353,0.8970729,0.2317187
0.9602382,0.8700226,0.1754156
0.9618937,0.8688663,0.1168914
0.9520735,0.8717646,0.06974503
0.9570429,0.8863581,0.03725602
0.9561137,0.9010394,0.01129422
0.967877,0.9142314,-0.01106268
0.9728975,0.9267889,-0.03492308
0.9894587,0.9360983,-0.05938968
0.9914093,0.9456459,-0.08451596
0.9966359,0.9550028,-0.105542
0.9867367,0.959349,-0.1197701
0.9751437,0.9595977,-0.1208503
0.9576049,0.9721521,-0.1068043
0.9393763,0.9926404,-0.07830274
0.9195333,1.029573,-0.03438756
0.8956738,1.08163,0.0250483
0.8680877,1.138462,0.1016973
0.8475802,1.197626,0.1794861
0.832696,1.249201,0.2586077
0.8348606,1.291809,0.326441
0.8460505,1.303332,0.3844898
0.8639048,1.306869,0.4214011
0.8855877,1.282902,0.4506118
0.9062095,1.252794,0.4564253
0.9225253,1.221848,0.4547163
0.9329398,1.183709,0.4348241
0.942719,1.108539,0.4114219
0.9527171,1.030647,0.3693464
0.9645902,0.969647,0.3347739
0.9635571,0.9181566,0.2852522
0.9646014,0.8878028,0.2286548
0.9599678,0.8690133,0.1749957
0.9625129,0.8688713,0.1164135
0.9519868,0.8750242,0.07182829
0.9575269,0.8899714,0.03753985
0.956709,0.9041333,0.01143941
0.9682202,0.9175581,-0.01192552
0.9732044,0.9290271,-0.036062
0.9894707,0.9386613,-0.05987987
0.9919665,0.9483732,-0.08477861
0.9953771,0.9573216,-0.1054203
0.9851688,0.9586532,-0.1190553
0.9726756,0.9610858,-0.1209831
0.9542701,0.9771013,-0.1067498
0.9343069,0.9962786,-0.07827297
0.9151775,1.042462,-0.0318223
0.8883836,1.093755,0.02947231
0.8636889,1.151505,0.105147
0.8431733,1.21331,0.181644
0.8323981,1.257401,0.257067
0.8358759,1.298687,0.3268368
0.8481432,1.304034,0.3869749
0.8658881,1.305352,0.4234883
0.8887231,1.279034,0.4527149
0.9082888,1.250307,0.4563498
0.9253869,1.220938,0.4545365
0.9342684,1.183253,0.4327942
0.9451289,1.106314,0.4106126
0.955217,1.028891,0.3678812
0.9678348,0.9653605,0.3340071
0.9628456,0.9159843,0.2828088
0.9662162,0.886194,0.2291101
0.9593232,0.8689691,0.1749915
0.9615074,0.8688623,0.1142898
0.9513683,0.8765395,0.06719366
0.9567927,0.8918231,0.0352646
0.9583375,0.9061715,0.00990814
0.9681526,0.919445,-0.01268986
0.9762424,0.9299737,-0.03591606
0.9896375,0.9394519,-0.06035879
0.9930425,0.9491425,-0.08453397
0.9939225,0.9585912,-0.1060124
0.9836707,0.9583977,-0.1195136
0.9699512,0.9619268,-0.1205041
0.9523999,0.9803993,-0.105323
0.9327886,1.000519,-0.07607791
0.9129204,1.052256,-0.03021217
0.8859349,1.103754,0.03202569
0.8626464,1.162072,0.1146925
0.8409497,1.224072,0.1901546
0.8326091,1.268378,0.2667586
0.8369187,1.300492,0.33422
0.8509794,1.30499,0.3921234
0.8685654,1.299234,0.4248468
0.893791,1.271688,0.4529727
0.9114113,1.241176,0.4563666
0.9288996,1.209142,0.4545304
0.9365911,1.157176,0.4335462
0.9479151,1.078049,0.4113438
0.9576622,1.005632,0.3690873
0.966971,0.9428763,0.3355196
0.9627305,0.9031863,0.2865265
0.9649585,0.874835,0.2333514
0.9593066,0.8688679,0.1802932
0.9590068,0.8697885,0.1235572
0.9516298,0.8823433,0.0779957
0.9557428,0.8979818,0.0414082
0.9604368,0.9109896,0.01635268
0.9686272,0.9243369,-0.007393599
0.9793015,0.9331938,-0.03019851
0.9899038,0.9434892,-0.05426732
0.9942806,0.9526804,-0.07981616
0.9915693,0.9601751,-0.1022179
0.981517,0.9582725,-0.1175257
0.966446,0.9677736,-0.1227798
0.9484625,0.9878113,-0.1094017
0.9271725,1.017816,-0.08516571
0.9076637,1.071487,-0.03986244
0.8771648,1.125624,0.01421309
0.8588864,1.185994,0.0889608
0.8370184,1.241575,0.1640587
0.8339577,1.284338,0.2388206
0.8404058,1.302611,0.3126831
0.8567006,1.306285,0.3721945
0.8760115,1.288387,0.4162044
0.9007715,1.258428,0.4457584
0.9171131,1.227664,0.4565845
0.9310688,1.196013,0.4551992
0.9400654,1.123878,0.4389497
0.9510075,1.046777,0.4166018
0.9616308,0.9808661,0.3776407
0.9645513,0.9230558,0.3399571
0.9635757,0.8936467,0.2907817
0.9610546,0.8690979,0.2348656
0.9608714,0.8688781,0.1795835
0.9534323,0.8723755,0.1223583
0.954411,0.8871889,0.07505439
0.9553243,0.902464,0.03964914
0.9653871,0.9158067,0.01452047
0.9707988,0.9278506,-0.008038908
0.9862548,0.9373295,-0.03281823
0.9908234,0.9471776,-0.05585051
0.9967984,0.9566252,-0.08117607
0.9879916,0.9588567,-0.10356
0.978408,0.9605243,-0.1183073
0.9609697,0.975456,-0.1220478
0.9428802,0.9951016,-0.1081148
0.9213948,1.038979,-0.08259466
0.9011174,1.0895,-0.03938192
0.8708776,1.1471,0.01766359
0.8515534,1.207808,0.09102253
0.8338362,1.256196,0.1673514
0.8341157,1.297421,0.2421016
0.8443148,1.304038,0.3142366
0.8613611,1.306092,0.375117
0.8820126,1.278304,0.4176555
0.9044584,1.247795,0.4464383
0.9210113,1.216344,0.4565573
0.9326806,1.174384,0.4550894
0.9425465,1.095682,0.4388278
0.9528046,1.020694,0.4152423
0.9647568,0.9572614,0.3759037
0.9634049,0.9099953,0.3399403
0.964864,0.8821035,0.2937964
0.9597967,0.8689203,0.2399567
0.962402,0.8688735,0.1840154
0.9518948,0.8787858,0.1271558
0.9579084,0.8935912,0.07825707
0.9568941,0.9074005,0.04060544
0.96809,0.9201288,0.01481929
0.9743263,0.9307165,-0.007775426
0.9895128,0.940673,-0.03059086
0.9922006,0.9500392,-0.05464417
0.9949657,0.9594677,-0.07953668
0.9847518,0.9582289,-0.1023289
0.9724482,0.9624202,-0.1176427
0.9548399,0.9811017,-0.1224929
0.9350361,1.002392,-0.1086232
0.9146793,1.055477,-0.08292374
0.8893079,1.10891,-0.03864199
0.8641667,1.164394,0.0191899
0.8429408,1.224153,0.09634019
0.8323967,1.26868,0.169701
0.8363819,1.300683,0.2476495
0.8490908,1.305224,0.3178533
0.8675187,1.297161,0.3772057
0.8907225,1.268133,0.4182997
0.9095446,1.239322,0.4475456
0.9257935,1.206823,0.4565206
0.934868,1.148246,0.4549319
0.9454691,1.069341,0.4369136
0.9549243,0.9986892,0.4143277
0.9675608,0.9369339,0.3740422
0.962817,0.9005921,0.3352614
0.9661226,0.8735927,0.2831178
0.9593186,0.8688683,0.2282562
0.9619914,0.8700738,0.1743491
0.9513704,0.882701,0.1178515
0.9568227,0.8978676,0.07215449
0.9582759,0.9108998,0.03789397
0.9681231,0.9245809,0.01118222
0.9758152,0.9331955,-0.01130688
0.9895931,0.9435139,-0.03496093
0.9926507,0.952686,-0.05958608
0.9940387,0.9601698,-0.08465542
0.9839482,0.9582701,-0.1051688
0.9710814,0.9678029,-0.1192174
0.9529735,0.9883251,-0.1210594
0.9330677,1.021187,-0.1062861
0.9141016,1.074562,-0.07831855
0.8866789,1.127083,-0.03178562
0.8626796,1.188103,0.02900423
0.8410428,1.24298,0.1064431
0.8325866,1.285427,0.1837523
0.8373575,1.302507,0.2621846
0.8515621,1.30636,0.3304996
0.8704774,1.287955,0.3905951
0.8963678,1.259196,0.4253464
0.9120679,1.228565,0.4539489
0.9293931,1.196736,0.4563098
0.9365209,1.130048,0.4544599
0.9480848,1.050527,0.4328474
0.9578712,0.9844457,0.4099695
0.9672708,0.9262742,0.3639373
0.9627385,0.8960006,0.330349
0.964085,0.8691122,0.2766724
0.9594604,0.8688673,0.2232538
0.9574057,0.8717821,0.1690843
0.9519427,0.8861816,0.1111616
0.9556112,0.9014629,-0.02337158
0.9607533,0.9145685,-0.04623109
0.9685307,0.9270676,-0.07013398
0.9789452,0.9363303,-0.09335735
0.9898229,0.9462202,-0.1120317
0.9936009,0.9556197,-0.1231637
0.9927612,0.9591594,-0.1159952
0.9827096,0.9599185,-0.09924025
0.9677909,0.9724432,-0.06084384
0.9496402,0.9927766,-0.01540724
0.9295146,1.032433,0.05507333
0.9097722,0.8689244,0.1313922
0.8800821,0.8688723,0.20929
0.8594877,0.8783922,0.2864833
0.8370367,0.8933827,0.3484025
0.8338896,0.9069749,0.4031096
0.8395996,0.9202549,0.4329195
0.855908,0.9303087,0.4567218
0.8747203,0.9397479,0.4559073
0.8999312,0.9491709,0.4487046
0.9151536,0.9580997,0.4260746
0.9302335,0.9584789,0.3976935
0.9379317,0.9614301,0.3541611
0.9492981,0.9778464,0.3176687
0.9597002,0.9971861,0.2645764
0.9659948,1.044058,0.2116004
0.9629495,1.095298,0.1530998
0.9625978,1.152065,0.1005385
0.9597036,1.213471,0.2528634
0.9561627,1.25808,0.356561
0.952562,1.297776,0.4076083
0.9552307,1.303845,0.4364837
0.964029,1.306597,0.4567088
0.9698308,1.280361,0.4556835
0.9834726,1.251007,0.4460133
0.9904372,1.221864,0.4234541
0.9954709,1.184036,0.3909712
0.989683,1.109691,0.3502162
0.9795055,1.034161,0.3109914
0.9619837,0.972625,0.2566061
0.9441981,0.9185869,0.2007282
0.9227554,0.8895792,0.144283
0.9020387,0.8690135,0.09198189
0.8712781,0.8688629,0.05213794
0.852643,0.875859,0.02439532
0.8341572,0.8902714,-0.000651777
0.833989,0.9049218,-0.02345523
0.8433818,0.9179478,-0.05238351
0.8596989,0.9292287,-0.07802349
0.8810077,0.9385424,-0.100564
0.9035547,0.9480971,-0.116537
0.9195249,0.9572502,-0.1231883
0.9316792,0.9587795,-0.1098484
0.9410292,0.9608154,-0.08537005
0.9517532,0.9757429,-0.04002813
0.9627772,0.9950252,0.01750994
0.9639533,1.037889,0.09373688
0.964117,1.087957,0.1688967
0.9606945,1.144172,0.2456727
0.9612022,1.205142,0.3186543
0.9526349,1.252941,0.3786474
0.9552512,1.294157,0.4184602
0.9557608,1.303678,0.4466791
0.9665932,1.306937,0.4565659
0.9720018,1.282385,0.455086
0.989309,1.25251,0.4384897
0.9913257,1.222928,0.4149043
0.9967887,1.188349,0.3740874
0.9870667,1.111055,0.3380027
0.9767732,1.036341,0.2879661
0.9582212,0.9730728,0.2348119
0.9392997,0.9182765,0.1806337
0.9196799,0.8892943,0.1238964
0.8958117,0.8690142,0.07826109
0.8687614,0.868865,0.04239263
0.848421,0.8753842,0.01727191
0.83276,0.8904768,-0.006412208
0.8348063,0.9051645,-0.03108266
0.8465342,0.9177939,-0.0540646
0.8646518,0.9289464,-0.07947734
0.8872426,0.9382691,-0.1018862
0.9069868,0.9480848,-0.1170656
0.9240602,0.9569843,-0.1227916
0.9338931,0.9587876,-0.109994
0.9446627,0.9607977,-0.08678548
0.9546912,0.9756535,-0.0440328
0.9667341,0.9957812,0.01095292
0.963063,1.040711,0.08381201
0.9652206,1.093373,0.1614102
0.9596186,1.149429,0.2372844
0.9633357,1.212445,0.3116398
0.9515948,1.258236,0.37088
0.9579015,1.299309,0.4145216
0.9574615,1.304069,0.4441853
0.9680734,1.306433,0.4566166
0.9746382,1.2787,0.4552297
0.9895027,1.248458,0.440596
0.9922767,1.217996,0.4171953
0.994878,1.176569,0.3783065
0.9852768,1.099214,0.3400803
0.9724745,1.023124,0.2943209
0.9540914,0.9613311,0.240762
0.9340951,0.9127349,0.1844019
0.9138437,0.8846322,0.1244893
0.8862904,0.8689499,0.07783492
0.8631517,0.8688679,0.04129337
0.8413894,0.8783882,0.0152697
0.8325211,0.8934752,-0.008363038
0.8370849,0.9076669,-0.03246221
0.8515993,0.9211558,-0.0561702
0.8699738,0.9309336,-0.08060689
0.8949802,0.940443,-0.1030132
0.9120552,0.9497741,-0.1177164
0.9293486,0.9592094,-0.1226527
0.9369081,0.9582911,-0.109081
0.9481044,0.9619921,-0.08261697
0.9581776,0.979574,-0.03715795
0.9666391,0.9996367,0.0208867
0.9628037,1.048215,0.09864798
0.9640834,1.099836,0.172816
0.9594609,1.157587,0.2512544
0.9571402,1.220498,0.3230339
0.9520867,1.264863,0.3824748
0.9554577,1.300092,0.421084
0.9614675,1.304682,0.4508109
0.9689169,1.302487,0.4563957
0.980619,1.274287,0.4546068
0.9901012,1.244706,0.433007
0.9949135,1.213923,0.4098878
0.9910194,1.169187,0.3644856
0.9809524,1.093069,0.3300297
0.9645018,1.021467,0.2759514
0.9465396,0.9594772,0.2220251
0.9249545,0.9124448,0.1681612
0.9056803,0.8828943,0.1115692
0.8753785,0.8689368,0.06495
0.8565908,0.868867,0.03354065
0.8349146,0.8776699,0.006696165
0.8339975,0.8928193,-0.01569515
0.8422193,0.9070064,-0.03855228
0.8575879,0.9205475,-0.06200489
0.876615,0.9307413,-0.08561867
0.9005843,0.9402658,-0.1067205
0.9160135,0.9498438,-0.1202065
0.9307334,0.9591345,-0.1203116
0.9388092,0.9583462,-0.105426
0.9499224,0.9617918,-0.07640139
0.9607998,0.9797717,-0.03099516
0.9649376,0.9998436,0.02873971
0.9633794,1.050698,0.1042168
0.9615179,1.103228,0.1778471
0.9604759,1.158717,0.2585489
0.9535289,1.220802,0.3279082
0.9545424,1.265514,0.3883486
0.9554652,1.300291,0.4239804
0.9652952,1.304732,0.4518859
0.9709684,1.301092,0.4563553
0.9868151,1.272668,0.4545979
0.9910973,1.243973,0.432883
0.9974435,1.212218,0.4102361
0.9872821,1.165417,0.3645789
0.9763712,1.086693,0.3296559
0.9578639,1.01478,0.2763902
0.9390435,0.9542526,0.2218046
0.9182999,0.9096159,0.1676977
0.8935227,0.8802276,0.1125693
0.8665377,0.8689149,0.06550977
0.846391,0.8688856,0.03494395
0.8325086,0.8793303,0.009655505
0.8350631,0.8938814,-0.01359084
0.8469977,0.907275,-0.03785178
0.8645875,0.9205424,-0.06264284
0.887871,0.9306667,-0.08770075
0.9075967,0.9405325,-0.107698
0.924744,0.9499471,-0.1210902
0.9342222,0.9592485,-0.1185804
0.944658,0.9583406,-0.1030952
0.9547288,0.9618894,-0.07104601
0.9671533,0.9790236,-0.02303616
0.9628793,0.9989305,0.03886927
0.9662893,1.046445,0.1166842
0.9593341,1.097696,0.1943538
0.9610773,1.153088,0.2710111
0.9513687,1.214467,0.3366703
0.957042,1.260354,0.3948032
0.9585663,1.29959,0.4276422
0.9681149,1.304342,0.4554969
0.9751616,1.304549,0.4562021
0.9895197,1.277701,0.4524835
0.9922127,1.24755,0.4284258
0.995462,1.216261,0.4008369
0.9852531,1.170987,0.3569415
0.9723536,1.09629,0.3210257
0.9540406,1.022047,0.2661338
0.9340754,0.9600046,0.2103008
0.9138327,0.9116017,0.151843
0.8867607,0.882136,0.09907179
0.8635071,0.8689285,0.05708978
0.8418431,0.8688704,0.02713332
0.8324689,0.8783383,0.002906293
0.8368661,0.8933842,-0.01976189
0.8511807,0.9073339,-0.04283988
0.868827,0.9206898,-0.06812614
0.8940629,0.9306755,-0.09253822
0.9116292,0.940233,-0.1115558
0.9284445,0.9494811,-0.1230328
0.9357786,0.9589202,-0.1157126
0.947486,0.9583907,-0.09781841
0.9571393,0.9619164,-0.05689771
0.9674215,0.9802083,-0.01069286
0.9627283,0.9994019,0.06086148
0.9649904,1.048951,0.1393943
0.9592909,1.100416,0.2125134
0.9600976,1.159056,0.290213
0.9514679,1.221987,0.3516688
0.9560251,1.266651,0.4058985
0.9597211,1.300405,0.4357375
0.9684424,1.305041,0.4567176
0.9783603,1.299518,0.455834
0.9898536,1.271813,0.4477336
0.9939933,1.243101,0.4251848
0.9920264,1.212195,0.3970344
0.982442,1.163849,0.3533541
0.9672692,1.08901,0.3139202
0.9492409,1.013276,0.2619781
0.9292413,0.9536625,0.2060863
0.9104161,0.9091303,0.1480836
0.8813182,0.8799711,0.09575148
0.8600186,0.8689101,0.05478725
0.8377899,0.8688954,0.02555561
0.8333176,0.8793696,0.001248628
0.8385265,0.8945848,-0.02183735
0.8529872,0.9082505,-0.04469898
0.8718533,0.9217677,-0.06970972
0.8980403,0.9317746,-0.09395787
0.9131097,0.9418013,-0.1124355
0.9297287,0.9512253,-0.1234325
0.9372741,0.960788,-0.1151658
0.9487449,0.9581001,-0.09800513
0.9588609,0.9632858,-0.05911683
0.9660724,0.9829887,-0.012671
0.9628286,1.00649,0.06340695
0.9634238,1.058458,0.1377063
0.9596174,1.111207,0.2149549
0.9561059,1.170128,0.2908899
0.952562,1.230647,0.3489385
0.955224,1.273068,0.4034493
0.9640097,1.301154,0.4317331
0.9695975,1.3056,0.4567204
0.9829553,1.294422,0.4559841
0.9904335,1.265425,0.450045
0.9958675,1.236301,0.4271112
0.9893109,1.203939,0.3983262
0.97931,1.146543,0.3550528
0.9613786,1.071601,0.3061484
0.9437579,1.002849,0.2517038
0.9227413,0.9423375,0.1956677
0.901748,0.9030725,0.1369276
0.8717151,0.8749771,0.0873531
0.8527765,0.9046974,0.04749992
0.8338919,0.917732,0.01968288
0.8341134,0.9290799,-0.003595948
0.8441413,0.9386202,-0.02748597
0.8608559,0.9482347,-0.05065826
0.8811848,0.957153,-0.07522905
0.9039897,0.958737,-0.09906732
0.9203379,0.9607048,-0.115198
0.9323164,0.9753548,-0.1240645
0.9414667,0.9950371,-0.1115763
0.9522463,1.0389,-0.08872002
0.9636943,1.089205,-0.04545563
0.963779,1.14556,0.007435191
0.9643444,1.207904,0.08012665
0.9601798,1.256033,0.1585656
0.9619635,1.296156,0.2351627
0.9523597,1.303665,0.3102525
0.9564355,1.307063,0.3711603
0.9562447,1.281636,0.4141506
0.9678231,1.251718,0.443913
0.9729822,1.222628,0.456594
0.989466,1.185814,0.4551371
0.9918847,1.11182,0.439503
0.9961383,1.033743,0.4163873
0.9860829,0.9716822,0.3791721
0.9744887,0.9174923,0.3420772
0.9570252,0.8887148,0.2944501
0.93858,0.8690144,0.2382572
0.9186186,1.164401,0.1830647
0.8950361,1.268226,0.1235704
0.8680122,1.300351,0.07626425
0.8486811,1.304904,0.04059453
0.832951,1.300198,0.01491112
0.8343452,1.271717,-0.009103239
0.8447252,1.241359,-0.03335801
0.8610566,1.209586,-0.05804405
0.8816277,1.155388,-0.08199848
0.9033922,1.07586,-0.1041618
0.9190097,1.00721,-0.1189112
0.9314927,0.9452567,-0.1215189
0.9404941,0.9050069,-0.1079221
0.9511341,0.8775069,-0.0797254
0.9624536,0.8688892,-0.03484203
0.9641021,0.8691996,0.02538389
0.9638855,0.8799192,0.101866
0.9609931,0.89448,0.1785988
0.9607195,0.9080146,0.2575546
0.9534641,0.9210015,0.3268027
0.9545083,0.9308159,0.3874625
0.955461,0.9407697,0.4225048
0.9659182,0.9502512,0.4507589
0.9714687,0.95935,0.4563979
0.9880306,0.9582471,0.4545613
0.9910709,0.9623407,0.4335974
0.9973572,0.9818947,0.4112257
0.9878052,1.003287,0.3660887
0.9771061,1.0538,0.3335375
0.9593892,1.10671,0.2829393
0.941723,1.162066,0.2150349
0.9213338,1.223647,0.1574298
0.8989929,1.266243,0.1044543
0.8700058,1.300062,0.0600161
0.8499084,1.304603,0.02942929
0.8332147,1.30267,0.003511667
0.8343592,1.27473,-0.02000317
0.845035,1.245977,-0.04318771
0.8621342,1.214498,-0.06753552
0.8833295,1.166781,-0.09115456
0.9043716,1.089621,-0.1106692
0.9211506,1.015364,-0.1225296
0.9325819,0.9552993,-0.1166468
0.9419354,0.9099125,-0.09922001
0.9526394,0.8811896,-0.06248562
0.9643307,0.8689144,-0.01482528
0.963532,0.8688794,0.05589356
0.9646799,0.878924,0.134607
0.9601708,0.8936888,0.2090629
0.9620043,0.907726,0.2899366
0.9519894,0.9204674,0.3514723
0.9574398,0.9306741,0.4047682
0.9567128,0.9405546,0.4346138
0.9681171,0.9495961,0.4567174
0.9735833,0.959042,0.4557666
0.9894801,0.9583684,0.4471299
0.9920728,0.961969,0.4235416
0.9957459,0.9802485,0.3932787
0.985539,1.000443,0.3500982
0.9733117,1.051651,0.3088731
0.9559185,1.104494,0.2533811
0.9362138,1.162834,0.1981951
0.9157039,1.224028,0.1394115
0.8893878,1.26886,0.08746515
0.8640157,1.300538,0.04893348
0.8434534,1.30507,0.02116504
0.832402,1.299919,-0.00246051
0.8357746,1.27184,-0.02483231
0.8481674,1.241349,-0.04785904
0.8663031,1.208982,-0.1006245
0.8906717,1.154408,-0.1165699
0.9094993,1.074832,-0.1232874
0.9266315,1.005715,-0.1104709
0.9353976,0.945169,-0.08614299
0.946892,0.9040979,-0.04267858
0.956746,0.8770167,0.009132579
0.9682596,0.8688765,0.08160739
0.9627184,0.8698421,0.1553444
0.9658742,0.8819834,0.2337695
0.9592881,0.8966928,0.3087454
0.9603318,0.9097803,0.3699995
0.9514499,0.9227585,0.4150071
0.9561484,0.9354542,0.4438671
0.9593918,0.9455547,0.456533
0.9683469,0.9544181,0.4550484
0.9771498,0.9595122,0.4373049
0.9897254,0.9590272,0.4139249
0.9935905,0.9702473,0.3718027
0.9926341,0.9905827,0.3371725
0.9828735,1.025797,0.2868723
0.9680097,1.077959,0.2334915
0.9499569,1.133213,0.176912
0.928991,1.195129,0.1159348
0.910019,1.247175,0.07134718
0.8819489,1.287867,0.03776972
0.8604841,1.303015,0.0120253
0.8386793,1.306529,-0.01184335
0.832892,1.28707,-0.03602496
0.8383193,1.258295,-0.06072825
0.8538493,1.226577,-0.08589669
0.8722651,1.192907,-0.1068853
0.8976023,1.12107,-0.1199836
0.9136857,1.044453,-0.1199134
0.9298806,0.981974,-0.10447
0.937852,0.9238966,-0.07154811
0.9487392,0.8931849,-0.02403862
0.9591323,0.8690687,0.04156718
0.9659621,0.8688936,0.1202451
0.9629636,0.8733882,0.1973027
0.9626556,0.889256,0.273998
0.9598591,0.9037795,0.3362203
0.9550323,0.9168474,0.3932408
0.95275,0.9284135,0.4252227
0.9552107,0.9373659,0.4537072
0.9640828,0.9467843,0.4563418
0.9698897,0.9557697,0.4544752
0.9838507,0.9591696,0.4324625
0.9904445,0.9597781,0.409276
0.9958177,0.9717029,0.3624217
0.9892575,0.9910157,0.3288777
0.9796963,1.027119,0.2748579
0.9624488,1.077533,0.218332
0.9454596,1.131276,0.1608902
0.9238104,1.191891,0.107108
0.9044336,1.24315,0.06109729
0.8730561,1.285573,0.03033188
0.8542206,1.302753,0.004228204
0.8341556,1.307093,-0.0182713
0.834005,1.27929,-0.0414367
0.8430787,1.248967,-0.06664053
0.8582799,1.217893,-0.08995169
0.8786701,1.177117,-0.1097719
0.902249,1.102918,-0.1222733
0.9184713,1.027567,-0.1176791
0.9316592,0.96357,-0.1019955
0.9407771,0.913805,-0.06841815
0.9514923,0.8855939,-0.02275161
0.9629788,0.8689703,0.03999848
0.9639698,0.8688597,0.1138708
0.9640821,0.8768005,0.1894594
0.9605924,0.8920326,0.2642953
0.9613049,0.9064592,0.3324177
0.9525258,0.9198074,0.3918448
0.9559352,0.9303347,0.4262663
0.9558508,0.9401886,0.4544283
0.9671435,0.9492766,0.4563159
0.9721475,0.9584347,0.4544643
0.9884641,0.9584053,0.4327991
0.9913653,0.9618796,0.4089985
0.996985,0.9793882,0.3627778
0.9869241,0.9990617,0.3287754
0.9760166,1.049335,0.2772628
0.9577848,1.099527,0.2214883
0.940003,1.156602,0.1675534
0.9192843,1.218457,0.1096595
0.8950818,1.261232,0.06469661
0.8674729,1.299714,0.03335096
0.8476641,1.304384,0.007018596
0.8328812,1.303505,-0.01630804
0.8346685,1.275458,-0.04052356
0.8461026,1.245426,-0.06563354
0.8636097,1.214582,-0.09011704
0.8863941,1.170018,-0.1100607
0.9070505,1.094882,-0.1222144
0.9236838,1.019195,-0.1173781
0.9338654,0.9556226,-0.1015233
0.9445154,0.9098551,-0.06586136
0.9547966,0.8805718,-0.01960668
0.9673478,0.8689133,0.04891093
0.9628394,0.8689467,0.1261456
0.9662293,0.8799441,0.199123
0.9593248,0.8954566,0.2792325
0.9612465,0.9098439,0.3431321
0.9513763,0.9232163,0.4022292
0.9567564,0.9327801,0.432167
0.9584622,0.9427998,0.4567216
0.968141,0.9517163,0.4559177
0.9762672,0.9607981,0.4486333
0.9895931,0.958046,0.4249239
0.9929842,0.9649838,0.3937986
0.9934248,0.9850593,0.3510082
0.9838209,1.009445,0.3103244
0.9700617,1.060878,0.2579643
0.9518384,1.113054,0.2028394
0.9320745,1.168317,0.1441849
0.9128934,1.228324,0.09335829
0.8859782,1.271111,0.05249307
0.8623067,1.300691,0.02396241
0.8406886,1.305162,9.41E-05
0.8325596,1.297908,-0.02232134
0.837291,1.270535,-0.04612523
0.8510425,1.241407,-0.07055092
0.8686299,1.211166,-0.09393129
0.8924294,1.160902,-0.1116053
0.9106047,1.083048,-0.1232797
0.9269553,1.012302,-0.1156846
0.9354984,0.9517549,-0.09778078
0.9465462,0.9089793,-0.05934094
0.9564523,0.8798327,-0.01330287
0.9682339,0.8689021,0.05530779
0.9627367,0.8701221,0.1294957
0.9658036,0.8827601,0.2072434
0.959288,0.8980828,0.2872888
0.9603156,0.9113331,0.3490483
0.9514107,0.9245569,0.4043459
0.9562548,0.9336941,0.4326333
0.9592429,0.9434525,0.4567228
0.9681991,0.9545112,0.4558793
0.9766064,0.9596599,0.4474588
0.989676,0.9588362,0.4247744
0.9931058,0.9684885,0.3962238
0.9931775,0.987954,0.3526472
0.9834521,1.018777,0.3123731
0.9692614,1.071954,0.2569026
0.9514539,1.125323,0.2012122
0.9310136,1.184921,0.1418459
0.9110842,1.238397,0.08995531
0.8835154,1.280008,0.04866371
0.8616425,1.301815,0.02185836
0.8395901,1.305875,-0.002237558
0.832814,1.292295,-0.02459496
0.8380601,1.262966,-0.04880735
0.8532971,1.232363,-0.07391304
0.8718637,1.200766,-0.09777683
0.897998,1.135074,-0.114348
0.9139926,1.055138,-0.1242834
0.9297003,0.9900627,-0.114112
0.93753,0.9280752,-0.09667941
0.9484403,0.8964727,-0.05465424
0.9586551,0.869113,-0.004879691
0.9662567,0.8688625,0.07119158
0.9628954,0.8717967,0.1455334
0.9629195,0.8866225,0.2226971
0.9597619,0.9018746,0.2994512
0.9560051,0.9151275,0.3606974
0.9525985,0.9273115,0.4089061
0.9552199,0.9363614,0.4447263
0.9640462,0.946067,0.4565705
0.9700041,0.9549893,0.4551534
0.9838753,0.9593567,0.4383851
0.9906013,0.9596659,0.4146608
0.9963007,0.9718767,0.3755533
0.9886677,0.9922945,0.3397741
0.9786935,1.031492,0.2905788
0.9607097,1.083831,0.2356075
0.9425775,1.137377,0.1813966
0.9211726,1.199994,0.1238872
0.8992901,1.250302,0.07735528
0.8709582,1.292703,0.04063462
0.8515558,1.303448,0.01461795
0.8335162,1.306921,-0.00928846
0.8341327,1.281528,-0.03268462
0.8437424,1.251673,-0.05605054
0.8594792,1.222462,-0.08118574
0.8801597,1.189082,-0.1028036
0.9033376,1.111972,-0.1179067
0.9199141,1.033735,-0.122348
0.9318926,0.9711124,-0.1086311
0.9413939,0.9169744,-0.08171578
0.9521433,0.8868892,-0.03555089
0.9636699,0.8689926,0.02326049
0.9636614,0.8688625,0.09716648
0.9644712,0.875416,0.1703563
0.9600563,0.8903441,0.2448824
0.96211,0.9051424,0.3178006
0.9519888,0.9184514,0.3787749
0.9576282,0.9295686,0.4196615
0.95662,0.9389099,0.4477087
0.9681945,0.9486196,0.456497
0.9736266,0.9580999,0.4548226
0.9894671,0.9585495,0.4356514
0.9919233,0.9611377,0.4120226
0.9954805,0.9765549,0.3700763
0.9854866,0.9967495,0.3357167
0.9729425,1.041038,0.2867518
0.9547166,1.091221,0.2335239
0.9349777,1.149189,0.1772145
0.9146915,1.213269,0.1176445
0.8888773,1.259519,0.070279
0.8640132,1.29953,0.03781681
0.8434222,1.304238,0.01123169
0.8323982,1.304924,-0.01111889
0.8357399,1.276913,-0.0352529
0.8487656,1.247999,-0.05856135
0.8673644,1.217024,-0.08376876
0.8919055,1.171867,-0.1054025
0.9103351,1.094095,-0.1196801
0.9277658,1.021497,-0.1205642
0.9359715,0.9581848,-0.1064155
0.9476401,0.9112338,-0.0761969
0.9574366,0.8827156,-0.03201592
0.9674974,0.8689386,0.02530544
0.9627254,0.8688694,0.1028765
0.965091,0.8779447,0.180004
0.9592896,0.8932844,0.2564656
0.9596286,0.9069957,0.3264349
0.951434,0.9197055,0.3837394
0.9561284,0.930299,0.422172
0.9596255,0.9396179,0.451097
0.9683947,0.948859,0.4563997
0.9772413,0.9582908,0.4545611
0.9897422,0.9585382,0.4335058
0.9935242,0.9615086,0.4110003
0.9925918,0.9778438,0.3678613
0.9825964,0.9978625,0.3344869
0.9674724,1.046728,0.2814111
0.9496237,1.096664,0.2263106
0.9293857,1.154482,0.1699619
0.9107168,1.215602,0.1140382
0.8816764,1.260621,0.06745069
0.8602383,1.29952,0.03658639
0.8382669,1.304433,0.01052305
0.8331614,1.303269,-0.01240095
0.8389645,1.275291,-0.03547472
0.8546848,1.244784,-0.05870539
0.873423,1.214088,-0.08398554
0.8989833,1.165328,-0.1053882
0.9149716,1.058125,-0.1190307
0.9303311,0.9918679,-0.121599
0.9384006,0.9336998,-0.1069549
0.949497,0.8983784,-0.07752411
0.9602281,0.8705042,-0.03322497
0.9653288,0.8688589,0.02520983
0.9630553,0.8709062,0.1008117
0.9622869,0.8854684,0.1784102
0.9599719,0.9002446,0.2574413
0.954699,0.913076,0.3261966
0.9535106,0.9258968,0.3869655
0.9552513,0.9347303,0.4232928
0.9645647,0.9445689,0.4528618
0.9699832,0.9537889,0.4563361
0.9840255,0.9598969,0.4544487
0.9906352,0.9585508,0.4313966
0.9963746,0.9685298,0.408901
0.988586,0.9890478,0.3627812
0.9784287,1.019829,0.3300894
0.9608752,1.070252,0.2758214
0.9434596,1.125199,0.221467
0.9218357,1.186065,0.1647881
0.901983,1.23998,0.1074425
0.8715449,1.28204,0.06234571
0.8524632,1.302342,0.03252263
0.8336531,1.306104,0.006858617
0.8341193,1.290888,-0.01534176
0.8443103,1.262919,-0.03852317
0.8611059,1.232304,-0.06335577
0.8816519,1.199197,-0.08829528
0.9034648,1.131519,-0.1086761
0.9200444,1.052585,-0.1215781
0.9322218,0.9854806,-0.1181074
0.9420173,0.9244075,-0.1015569
0.9522853,0.8934138,-0.0675606
0.9638999,0.8690732,-0.02018742
0.9635958,0.8688797,0.04561133
0.9644984,0.8746383,0.1244133
0.9600232,0.8891373,0.2008919
0.9623996,0.9033858,0.2786576
0.9518188,0.9167594,0.3390164
0.958212,0.928136,0.3960419
0.9569678,0.9374974,0.4265616
0.9680822,0.9474147,0.4544004
0.9742023,0.9567474,0.4563161
0.9894879,0.9588718,0.4545195
0.9919625,0.9604023,0.433464
0.9953579,0.9738754,0.4108085
0.9851512,0.9934536,0.368282
0.9731432,1.033759,0.3332539
0.954708,1.087079,0.2795551
0.9351195,1.143708,0.2254861
0.915949,1.206673,0.1687268
0.8905474,1.253393,0.1106148
0.8652197,1.297085,0.06369364
0.8441585,1.303766,0.03371395
0.8324165,1.307037,0.008347362
0.8352053,1.27938,-0.01503983
0.8476288,1.249847,-0.03914756
0.8658859,1.219245,-0.06264126
0.8900198,1.18035,-0.08722399
0.9089555,1.102013,-0.1075542
0.9258356,1.026172,-0.1209868
0.9347891,0.9639597,-0.1183348
0.9459854,0.9134068,-0.1017797
0.9560094,0.8851004,-0.06583638
0.9686682,0.868957,-0.01763837
0.9627315,0.8688646,0.05131269
0.9658519,0.8778991,0.1296085
0.9592912,0.8932284,0.2025826
0.960738,0.9075019,0.2821049
0.9513741,0.920929,0.3447751
0.9568501,0.9307397,0.406271
0.9585309,0.9407072,0.4348682
0.9681878,0.9502541,0.4567185
0.9767586,0.9594799,0.4558213
0.9896929,0.9582549,0.4475933
0.9931422,0.9623684,0.4237415
0.9934694,0.9818062,0.3942088
0.9833708,1.001297,0.3526911
0.9688846,1.051798,0.3125979
0.9512551,1.101306,0.2600466
0.9316038,1.160179,0.2038307
0.9125056,1.221241,0.1463088
0.8856224,1.265763,0.0957623
0.8623559,1.30015,0.05288225
0.8406167,1.304809,0.02540001
0.8325443,1.300666,0.00077197
0.8366454,1.272063,-0.02291307
0.8507518,1.242672,-0.04623109
0.869595,1.211946,-0.07016324
0.8934835,1.163946,-0.09450917
0.9111017,1.084738,-0.11267
0.9275706,1.011316,-0.1238322
0.9358771,0.949294,-0.114672
0.9474269,0.9064814,-0.09755749
0.9572428,0.8775498,-0.05700862
0.9676864,0.8688866,-0.008818004
0.9627166,0.8694293,0.06582615
0.964838,0.8806279,0.139928
0.9592965,0.8952181,0.2177038
0.958986,0.9083835,0.2936328
0.9516114,0.9219794,0.3510744
0.9557052,0.9319185,0.405321
0.9611793,0.9418808,0.4353397
0.9688454,0.9512059,0.456718
0.9800926,0.9607374,0.4557642
0.9899557,0.9580477,0.4467049
0.9943843,0.9642998,0.423777
0.9913645,0.9844927,0.3918561
0.9813985,1.010186,0.3492928
0.9663953,1.063846,0.3073347
0.9492123,1.11714,0.2516036
0.9279588,1.175375,0.1975111
0.9093629,1.234539,0.1384051
0.8793175,1.276016,0.08810411
0.8593108,1.30154,0.04804075
0.8369033,1.305603,0.02077794
0.8340813,1.294129,-0.002661109
0.8398538,1.265133,-0.026443
0.8560373,1.235623,-0.05062875
0.874243,1.202869,-0.07474963
0.8994576,1.141638,-0.09865397
0.9155003,1.063447,-0.1146878
0.9302788,0.9939635,-0.1246134
0.9382715,0.9327241,-0.1124571
0.9495845,0.8993226,-0.09096486
0.9600506,0.8713718,-0.04920412
0.9656012,0.8688602,0.003547236
0.9629504,0.8707587,0.07985611
0.9625928,0.8843057,0.1581415
0.9598536,0.8995955,0.23528
0.9551488,0.9123905,0.3084225
0.9529572,0.9251911,0.3669855
0.9552106,0.9342573,0.4132451
0.964107,0.9446497,0.4420461
0.9699672,0.953913,0.4566311
0.9839318,0.9598033,0.4553071
0.9906244,0.9588697,0.4402281
0.9962653,0.9697968,0.4164261
0.9891201,0.9899182,0.3772555
0.9789535,1.025348,0.3391837
0.9611391,1.076217,0.2895291
0.9432268,1.128812,0.2338507
0.9225224,1.188367,0.1805222
0.9017355,1.242953,0.1226768
0.8721648,1.284662,0.07513051
0.8533548,1.302357,0.03900315
0.8342031,1.306256,0.01268241
0.8339882,1.288425,-0.0109922
0.8431493,1.259994,-0.03536025
0.8591237,1.229339,-0.05986407
0.8786054,1.197691,-0.08502206
0.9023247,1.130894,-0.1073511
0.9188448,1.051173,-0.1208598
0.9317583,0.9879525,-0.1190284
0.9408808,0.9287953,-0.1035546
0.9517696,0.8963661,-0.0693192
0.9632266,0.8691123,-0.02199315
0.9637969,0.8688681,0.04303226
0.9642465,0.8720366,0.1177831
0.9602222,0.8869582,0.1944312
0.9618329,0.9016757,0.2728473
0.952306,0.9148461,0.3366072
0.956668,0.9270969,0.3959194
0.9559726,0.9363,0.4269875
0.9673218,0.9461607,0.4549674
0.9723682,0.95557,0.4562199
0.9894583,0.9591918,0.4529573
0.9916117,0.9599735,0.4288701
0.9962312,0.9723387,0.4041805
0.9862174,0.9936489,0.3582073
0.9752619,1.032098,0.3219185
0.9570161,1.085361,0.2670643
0.9377667,1.142232,0.2124463
0.9173755,1.201431,0.154453
0.8919694,1.251752,0.09969407
0.8657643,1.294019,0.05576116
0.8453562,1.303546,0.02669376
0.8325393,1.306849,0.002010673
0.8348322,1.283566,-0.02024662
0.8464358,1.25383,-0.04458892
0.8644835,1.223242,-0.06979194
0.8880578,1.187265,-0.09405918
0.9080349,1.111889,-0.1123809
0.924571,1.033255,-0.1236872
0.9342395,0.9727649,-0.1144519
0.9451551,0.9196818,-0.09722017
0.9551058,0.8891345,-0.05749574
0.9675938,0.8689179,-0.01206055
0.9628145,0.8689834,0.06173625
0.9661025,0.8792254,0.1398668
0.9593035,0.8944955,0.2177407
0.9606285,0.9085875,0.2940846
0.9513755,0.9217677,0.353147
0.9568633,0.9313836,0.4068721
0.9588636,0.9408622,0.4362996
0.9682118,0.9498497,0.4567083
0.9769225,0.9588525,0.4557467
0.9897152,0.9583497,0.4454697
0.9935127,0.9619903,0.4216789
0.9929413,0.9806116,0.3873575
0.9827458,1.000778,0.3463515
0.9683637,1.054186,0.30496
0.9502445,1.104006,0.2491168
0.9291652,1.159503,0.1931296
0.9095832,1.221389,0.1333309
0.8810531,1.263911,0.08498241
0.8601677,1.300077,0.04548045
0.8387516,1.304812,0.01967958
0.833129,1.301737,-0.00493598
0.8385609,1.273315,-0.0281716
0.8535025,1.242966,-0.05151296
0.8724173,1.210955,-0.07698351
0.898335,1.158939,-0.09960102
0.9134384,1.0799,-0.1159281
0.9295452,1.009911,-0.1240156
0.9367743,0.9477271,-0.1112111
0.9478947,0.9052277,-0.08785851
0.957287,0.8764217,-0.04361907
0.9673754,0.868874,0.01112391
0.9627343,0.8698986,0.08546332
0.9648592,0.8820237,0.161702
0.9593373,0.8975976,0.2360421
0.9579976,0.9104984,0.3111782
0.9518004,0.9235026,0.3766593
0.9555122,0.9326164,0.4169281
0.961379,0.9428374,0.4468503
0.9688291,0.9520699,0.4565537
0.9792488,0.9604791,0.4549928
0.9899573,0.9580206,0.4374624
0.9943372,0.9655154,0.4151289
0.9914606,0.9857956,0.375075
0.9812788,1.014439,0.3395247
0.9652507,1.069867,0.2924311
0.9476691,1.122601,0.2361185
0.9262114,1.182904,0.181184
0.9078938,1.239248,0.1240657
0.8773183,1.280982,0.07845856
0.8582641,1.301997,0.04087888
0.8364486,1.306029,0.01481262
0.8341035,1.290497,-0.008775175
0.8411477,1.261416,-0.03159297
0.8572388,1.231753,-0.05452642
0.8765602,1.198844,-0.07996503
0.9002104,1.130332,-0.1025139
0.915847,1.050279,-0.1177242
0.9303787,0.9834204,-0.1221322
0.9388397,0.9233978,-0.1087806
0.9498175,0.8938422,-0.08178283
0.9606298,0.8690992,-0.03593853
0.9649564,0.8688742,0.01965363
0.9633532,0.8719165,0.09272539
0.9616047,0.8867707,0.1669812
0.9604659,0.9019347,0.2454162
0.9541687,0.9151827,0.3181473
0.9538332,0.9274439,0.3784779
0.9552321,0.9367527,0.418591
0.9645643,0.9464079,0.4482275
0.9700041,0.9557126,0.456522
0.9841993,0.9590983,0.4549427
0.9906049,0.9598154,0.4369191
0.9963154,0.973078,0.4146246
0.9888561,0.9934564,0.3731897
0.9792098,1.034519,0.3376018
0.9620708,1.08779,0.2870443
0.9442809,1.145274,0.2329205
0.9228248,1.207901,0.1798939
0.9020364,1.256013,0.1227675
0.871222,1.297922,0.07501708
0.853182,1.304242,0.03985055
0.83426,1.304902,0.01369491
0.8339862,1.277879,-0.009933233
0.8427861,1.247659,-0.03305328
0.8580798,1.216227,-0.05737311
0.8770081,1.171302,-0.08164595
0.9005384,1.096423,-0.1040156
0.9165221,1.024259,-0.1183854
0.9308913,0.9604125,-0.1219366
0.9397128,0.9119164,-0.1084494
0.9507222,0.8822195,-0.08094279
0.9617445,0.8689234,-0.03477862
0.9644265,0.8688843,0.02215407
0.9635378,0.8788562,0.09734301
0.9613829,0.8943089,0.1706283
0.9605287,0.907658,0.2446273
0.9534385,0.9212175,0.3175639
0.9546929,0.9312937,0.3787064
0.9555339,0.9407935,0.419562
0.9655118,0.9503166,0.447785
0.9707547,0.9597213,0.45649
0.9862576,0.9581875,0.4549388
0.9908059,0.9627354,0.4367651
0.9966609,0.9819086,0.4135091
0.9882138,1.002258,0.3724774
0.9779736,1.05303,0.3360011
0.9595633,1.104872,0.2871976
0.9409453,1.163862,0.2341126
0.9205134,1.225973,0.1805086
0.8982375,1.269387,0.1230744
0.8695162,1.300481,0.07595514
0.8508065,1.305076,0.04042457
0.8333288,1.298356,0.0145959
0.8343219,1.269439,-0.008249015
0.8448423,1.238911,-0.0325557
0.862116,1.207963,-0.05584204
0.884622,1.155393,-0.08115628
0.9058495,1.080139,-0.1028356
0.9217262,1.007291,-0.1179354
0.9326615,0.9449306,-0.1219984
0.9424009,0.9038292,-0.1079751
0.9528406,0.8755333,-0.0799115
0.9647966,0.8688716,-0.03324746
0.9635369,0.8700768,0.02377576
0.9643719,0.8836266,0.1010255
0.960156,0.8985572,0.1774557
0.9620875,0.9112474,0.2524543
0.9520873,0.9248708,0.3203358
0.9572728,0.9337996,0.3813545
0.9565816,0.9438475,0.420417
0.9681028,0.9530311,0.4490729
0.9751605,0.9600613,0.4564511
0.9903384,0.9584038,0.4547364
0.9955567,0.9679686,0.4353526
0.9897729,0.9884765,0.411718
0.9795929,1.021361,0.3701473
0.9627503,1.074951,0.3360533
0.9454111,1.129867,0.2872288
0.9238559,1.18959,0.2341565
0.9039451,1.241698,0.1775161
0.8725346,1.284236,0.1193226
0.8546172,1.302439,0.07194242
0.8342767,1.30621,0.03763388
0.8339829,1.28885,0.01094168
0.8424699,1.260106,-0.01150036
0.8580428,1.23039,-0.03439966
0.877089,1.197932,-0.05762574
0.900565,1.129048,-0.08172175
0.9161886,1.048888,-0.103019
0.930554,0.9837931,-0.118127
0.9385616,0.9237254,-0.1219846
0.9496149,0.8930343,-0.1081913
0.9601116,0.8690896,-0.08284211
0.9652635,0.868875,-0.0392029
0.9631897,0.8728026,0.01856681
0.9618118,0.8875451,0.09522497
0.9602286,0.9023365,0.1730236
0.9541041,0.9156557,0.2505395
0.9540284,0.9275779,0.3221228
0.9553793,0.9369322,0.3820022
0.9653472,0.9468551,0.4210543
0.9710819,0.9561596,0.4493129
0.9869472,0.9590732,0.4564818
0.9911178,0.9602292,0.4548014
0.9972724,0.9732199,0.4354828
0.987428,0.9927235,0.4117983
0.9764575,1.029674,0.3675882
0.9581202,1.079986,0.3323307
0.9390329,1.133514,0.2787474
0.918497,1.193447,0.2219757
0.8939766,1.246207,0.1668731
0.8665574,1.286885,0.1108099
0.8457156,1.3029,0.06450166
0.8324493,1.306611,0.03455348
0.8351018,1.285139,0.008361548
0.8468263,1.25674,-0.01524293
0.8649365,1.226195,-0.03956321
0.8882493,1.193685,-0.06448737
0.9074409,1.11872,-0.0892532
0.9245483,1.039227,-0.1085274
0.9339506,0.9777969,-0.1212144
0.9443303,0.9216746,-0.1183948
0.9541639,0.8911564,-0.1021675
0.9658391,0.8690356,-0.06649232
0.9630736,0.8688823,-0.01980429
0.9655471,0.8737069,0.04894263
0.959569,0.888821,0.127497
0.963533,0.9035262,0.2024754
0.9515889,0.9166915,0.2784708
0.9581736,0.9294158,0.3529985
0.9569638,0.9389084,0.4068852
0.9680927,0.9486526,0.4364329
0.9743961,0.9580215,0.4567164
0.9894954,0.9585078,0.4557375
0.992042,0.9614938,0.4462031
0.9956565,0.978767,0.4236654
0.9857318,0.9990043,0.3922299
0.9736202,1.047424,0.350647
0.9554072,1.097597,0.3113956
0.9365262,1.154395,0.2585677
0.9170893,1.218689,0.2055759
0.891663,1.261598,0.1465744
0.8653996,1.29979,0.09369753
0.8441657,1.304521,0.05256441
0.832388,1.302287,0.02365363
0.8359576,1.27388,-0.000432342
0.8491453,1.243694,-0.02273399
0.8668271,1.213623,-0.04561284
0.8908575,1.168396,-0.06948745
0.9094334,1.093194,-0.09290951
0.9266071,1.018986,-0.1109422
0.9353642,0.9552993,-0.1228641
0.9465457,0.9095942,-0.1158639
0.956398,0.8803422,-0.09835332
0.968521,0.8688989,-0.05873844
0.9627588,0.8691659,-0.01321179
0.9659857,0.8798111,0.05642026
0.9592905,0.8943489,0.1344713
0.9604,0.9084224,0.2087737
0.9514256,0.9219216,0.2890033
0.9563416,0.9318871,0.3475538
0.9589696,0.9419078,0.4042674
0.9681618,0.9513217,0.4335878
0.9764452,0.9608151,0.4567209
0.9896739,0.9580498,0.4558397
0.7677275,0.9637762,0.4481405
0.7677275,0.9840562,0.4249998
0.9627423,1.009442,0.3940118
0.8339542,1.063239,0.3522959
0.8355744,1.116851,0.3122463
0.8479882,1.176102,0.2602217
0.8653879,1.233083,0.2040948
0.8883423,1.27648,0.1459188
0.9076651,1.301678,0.09271432
0.9242517,1.306732,0.05233419
0.9341555,1.283739,0.0238483
0.9449719,1.255105,-0.000876427
0.9550948,1.224622,-0.02322465
0.9676586,1.189466,-0.04631177
0.9628391,1.111513,-0.07021813
0.9660209,1.032647,-0.09331718
0.9595052,0.9686928,-0.1114377
0.9634737,0.9173694,-0.1227466
0.9514126,0.8887462,-0.1166486
0.9571325,0.8690037,-0.09937513
0.9583851,0.8688622,-0.06029793
0.9680995,0.8762985,-0.01344643
0.9757681,0.8910255,0.05519637
0.9896049,0.9055776,0.1337922
0.9929034,0.9187644,0.2095787
0.9935621,0.9297936,0.2897827
0.9835581,0.9389582,0.3513345
0.9698787,0.9482074,0.4057136
0.9518714,0.9571112,0.4339097
0.9317002,0.9588223,0.4567215
0.9127949,0.9606918,0.4558806
0.8857904,0.9760544,0.4473521
0.8628048,0.9960002,0.4242274
0.8410751,1.039437,0.3933932
0.8325487,1.092467,0.3504635
0.8371335,1.147974,0.3090279
0.8509971,1.209118,0.2541524
0.8697878,1.256897,0.2012348
0.8937429,1.297734,0.1442789
0.9110253,1.304037,0.0915613
0.9274926,1.306889,0.05004624
0.9358433,1.280814,0.02294591
0.9474067,1.250301,-0.000879377
0.9566324,1.220224,-0.02316642
0.9678686,1.179902,-0.04602778
0.9627259,1.104981,-0.07092208
0.9659655,1.02823,-0.09406434
0.959287,0.9641539,-0.1125943
0.9608044,0.9147415,-0.1235215
0.9513776,0.8848263,-0.1147307
0.9567611,0.8689724,-0.09757258
0.9583881,0.8688616,-0.05893084
0.9681662,0.8775777,-0.01102104
0.9759102,0.8928264,0.06011133
0.9895586,0.9066392,0.1379315
0.9925194,0.9195465,0.211102
0.994863,0.9303293,0.2905374
0.9852644,0.9397448,0.3519737
0.9724897,0.9489061,0.4064241
0.9543012,0.9583536,0.4360538
0.9345379,0.9584203,0.4567188
0.9148108,0.9615229,0.4558664
0.8877876,0.978845,0.4479877
0.8633631,0.9980699,0.4246192
0.8416442,1.047364,0.3949708
0.832473,1.100108,0.3512634
0.836641,1.156642,0.3111118
0.8506558,1.219958,0.2574188
0.8692378,1.264971,0.2011702
0.8939241,1.299944,0.1429108
0.9105654,1.304683,0.0915287
0.9274942,1.301141,0.04989234
0.9357159,1.273927,0.02316505
0.9473827,1.244869,-0.001217872
0.9571844,1.213172,-0.02490991
0.9675181,1.1648,-0.04910782
0.9627156,1.086987,-0.07448199
0.9649383,1.012833,-0.09738976
0.9593043,0.9513879,-0.1138141
0.959601,0.9078924,-0.1240978
0.9515198,0.8791921,-0.1139354
0.9558949,0.8689012,-0.09621943
0.9598963,0.869222,-0.05526901
0.9684745,0.8808971,-0.006554741
0.978445,0.8960721,0.06949107
0.9898674,0.9098333,0.146432
0.9939964,0.9234227,0.2243224
0.9917529,0.9323739,0.3016492
0.9821303,0.9425694,0.3594188
0.9669688,0.9518462,0.4099692
0.9494694,0.9607536,0.4398081
0.9291539,0.9580327,0.4566582
0.9105654,0.9652659,0.4554243
0.8812921,0.9846267,0.4416737
0.8600219,1.011343,0.4187947
0.8377334,1.064672,0.3345336
0.8336182,1.11782,0.2842538
0.8392357,1.174662,0.2273841
0.8542168,1.233735,0.1730042
0.8718048,1.275987,0.1167666
0.8969269,1.301581,0.07192068
0.9126555,1.305677,0.03806855
0.9294286,1.294946,0.01157784
0.9368293,1.265952,-0.01226389
0.9479906,1.235863,-0.03617826
0.9577172,1.20505,-0.06075525
0.9672409,1.147199,-0.08500889
0.9627199,1.069378,-0.1058509
0.9649701,1.002025,-0.1195638
0.9592988,0.9393832,-0.1205143
0.9591088,0.9010805,-0.1060131
0.9514587,0.8734481,-0.07556393
0.9562712,0.8688633,-0.02831732
0.959198,0.8703179,0.03390514
0.9682086,0.8840312,0.1119028
0.9760758,0.8995131,0.1896484
0.9895922,0.9119236,0.2685553
0.992782,0.9249259,0.343684
0.9943785,0.9339512,0.4022623
0.9847358,0.9441734,0.4318173
0.9721084,0.9533991,0.4567221
0.9543535,0.9599237,0.4560131
0.9350483,0.9587137,0.45002
0.915433,0.9680871,0.4274245
0.888934,0.9883667,0.4013367
0.8647901,1.021218,0.355714
0.844305,1.072396,0.3199687
0.8324356,1.12505,0.2657329
0.8354887,1.185764,0.2113847
0.8475411,1.240525,0.1543418
0.8655272,1.283417,0.1020621
0.8883066,1.302492,0.058853
0.9076778,1.306313,0.02875918
0.9243767,1.288071,0.003436863
0.9339555,1.258224,-0.01999611
0.9440518,1.228819,-0.04301786
0.9539639,1.196595,-0.0667505
0.9654584,1.125701,-0.09121703
0.9632412,1.04606,-0.1099516
0.9649571,0.9803835,-0.1219416
0.9599779,0.9216936,-0.1179458
0.962181,0.8925688,-0.1021873
0.9520581,0.8690616,-0.06819083
0.9564756,0.8688911,-0.02006245
0.9559432,0.8739609,0.04499036
0.9667182,0.888805,0.1233955
0.9719397,0.9031794,0.2012176
0.9887236,0.9164263,0.2779704
0.9913048,0.9277599,0.3419176
0.9973879,0.9372172,0.4014869
0.9874622,0.947068,0.4311999
0.977091,0.9559326,0.4567208
0.9592649,0.9590076,0.4560028
0.9418066,0.9618052,0.4499172
0.9214375,0.979131,0.4259095
0.9004776,0.9994209,0.397406
0.8708774,1.05063,0.3536061
0.8525584,1.10363,0.3148853
0.8340701,1.161904,0.26306
0.8340128,1.224322,0.207563
0.8431088,1.268419,0.1491739
0.8589286,1.300626,0.09516655
0.8791814,1.304978,0.05371362
0.9021145,1.299272,0.02615958
0.9181535,1.272261,0.000572205
0.9312279,1.243402,-0.02298209
0.9402745,1.213233,-0.04613903
0.9509947,1.163386,-0.07003203
0.9618279,1.085752,-0.0930157
0.9644247,1.014217,-0.1117439
0.9637164,0.9510923,-0.1231656
0.9612045,0.9069952,-0.1108319
0.9607102,0.8787131,-0.08683808
0.9531423,0.8688989,-0.04144023
0.9551093,0.869099,0.01539748
0.9556927,0.8803088,0.08861215
0.9659578,0.8958304,0.1657976
0.9711541,0.9095968,0.2401545
0.9860027,0.9224184,0.3135087
0.9908197,0.932273,0.3709605
0.9963917,0.9425421,0.4157604
0.9889851,0.9518747,0.4455863
0.9792157,0.9606001,0.4565599
0.9623532,0.9580214,0.4551421
0.9448456,0.9644836,0.4381664
0.9234108,0.9838946,0.4146912
0.904889,1.009092,0.3759218
0.8745205,1.062817,0.3388393
0.8575064,1.115984,0.2888686
0.8340394,1.172619,0.2359302
0.8415796,1.232615,0.1812921
0.8569158,1.275232,0.1226276
0.8758875,1.301515,0.0750006
0.8998165,1.305592,0.03898333
0.9154742,1.294768,0.01406485
0.9302875,1.265657,-0.009026289
0.9383303,1.235874,-0.03210151
0.9490969,1.203607,-0.05667251
0.9591038,1.126933,-0.0832351
0.9661118,1.051321,-0.1052215
0.9628935,0.9847714,-0.119338
0.9633443,0.9247515,-0.1206324
0.9595045,0.8940088,-0.1055016
0.9568778,0.8690751,-0.07651773
0.9520636,0.8688886,-0.02940258
0.9554927,0.8737147,0.03208043
0.9614578,0.8886365,0.1097101
0.9686766,0.902902,0.1830752
0.9786037,0.915603,0.2621621
0.9898124,0.9274653,0.3303285
0.9937868,0.9362924,0.3910164
0.9924141,0.9458356,0.4253447
0.9826202,0.9552172,0.454619
0.9686367,0.9592732,0.4563037
0.9506884,0.9597836,0.4544932
0.9302123,0.9718767,0.433201
0.9113594,0.9913987,0.4110116
0.8827967,1.028945,0.3666815
0.8612047,1.079299,0.3329719
0.8400956,1.132415,0.2793754
0.8325887,1.194232,0.2226057
0.8369565,1.245373,0.1682196
0.8506982,1.2875,0.1106583
0.869045,1.302876,0.06386399
0.8938966,1.306521,0.03352959
0.9106702,1.28744,0.008063465
0.9276454,1.258662,-0.01547107
0.9357625,1.229854,-0.03977802
0.9470183,1.197611,-0.06486395
0.9564081,1.130105,-0.08963558
0.9670139,1.053138,-0.1095787
0.9627241,0.9862533,-0.1221601
0.9649444,0.9254151,-0.1174328
0.9593138,0.8937894,-0.1013841
0.9592054,0.8690805,-0.06723934
0.9514485,0.868883,-0.01926176
0.9561336,0.8730029,0.04848034
0.9594176,0.8871312,0.12395
0.9683566,0.9020516,0.2016242
0.9774055,0.9150758,0.2777052
0.9897227,0.9272583,0.3413334
0.9934905,0.9365714,0.4011289
0.9928306,0.9465428,0.4293649
0.9826276,0.9560151,0.4567082
0.9686533,0.9589819,0.4560857
0.9509492,0.9602001,0.4510442
0.9301028,0.9736639,0.4281647
0.9104112,0.9929614,0.4020494
0.8826736,1.033222,0.3572023
0.8609949,1.086241,0.3221062
0.8399043,1.141237,0.2679877
0.832824,1.201889,0.2118209
0.8381288,1.25233,0.1560282
0.8534727,1.294626,0.1008834
0.8719518,1.303605,0.0586555
0.8979895,1.307025,0.0288634
0.9131326,1.280353,0.003841549
0.9297394,1.250032,-0.01860535
0.9376563,1.220811,-0.04288715
0.9485534,1.180825,-0.06737171
0.9584914,1.102923,-0.09186277
0.9663252,1.02966,-0.1104211
0.9628795,0.9663811,-0.122177
0.9634444,0.915459,-0.1170606
0.9595919,0.8854043,-0.09985995
0.9563363,0.8689787,-0.06305722
0.9524447,0.8688613,-0.01607771
0.955249,0.8774266,0.05040382
0.9639206,0.8924893,0.127895
0.9694241,0.9064324,0.2050351
0.981248,0.9190865,0.281741
0.99019,0.9297552,0.3434801
0.9947441,0.9390501,0.4002621
0.9906555,0.9487941,0.4303697
0.9810824,0.958238,0.4567183
0.9647619,0.9584819,0.4560389
0.9468263,0.9616768,0.4499785
0.9259256,0.9788829,0.4260831
0.9071186,0.9988449,0.3985413
0.8766859,1.046167,0.3556774
0.8580649,1.097113,0.3176705
0.8354802,1.155717,0.2642962
0.8340299,1.219634,0.2080798
0.8417871,1.263533,0.1494174
0.8580598,1.300046,0.09612851
0.8782506,1.304592,0.0538162
0.9021918,1.301661,0.02462325
0.9186239,1.273458,-0.000654817
0.9316877,1.244763,-0.02315229
0.9408009,1.213391,-0.0463033
0.9511238,1.164915,-0.07046658
0.9624171,1.085678,-0.09478718
0.9641032,1.015021,-0.1130199
0.9639233,0.9549655,-0.123909
0.9608594,0.9099256,-0.11399
0.9607562,0.8804914,-0.09555864
0.9536628,0.8689192,-0.05207267
0.9538711,0.8688781,-0.005266417
0.9552395,0.8793465,0.07021344
0.9647621,0.8948073,0.1485237
0.970606,0.9080467,0.2267443
0.9853152,0.9211912,0.3001837
0.9908533,0.9310673,0.3610433
0.9969302,0.9409385,0.4107999
0.9884123,0.9504634,0.4401625
0.9782024,0.959618,0.456676
0.9597095,0.9582734,0.4555391
0.9411588,0.9622917,0.4439335
0.9202218,0.9817806,0.4204232
0.8969138,1.001456,0.3875029
0.8690728,1.054857,0.3467969
0.8487073,1.108361,0.3026636
0.8330825,1.166421,0.2499247
0.8344719,1.225887,0.193658
0.8452038,1.270266,0.1366441
0.862713,1.300687,0.08820754
0.8854496,1.305162,0.04940873
0.9063355,1.298034,0.0211699
0.9226314,1.270004,-0.003393859
0.9329939,1.239818,-0.0260075
0.9432639,1.207375,-0.04885519
0.9537024,1.151453,-0.074384
0.9657065,1.072412,-0.09772965
0.9632219,1.004312,-0.1147702
0.9648434,0.9442898,-0.1222905
0.9598013,0.9046971,-0.1085712
0.9629146,0.8759528,-0.08137749
0.9515877,0.8688706,-0.0379869
0.9583724,0.8699707,0.01922187
0.95706,0.8829216,0.09677925
0.9680735,0.8976681,0.1713352
0.974746,0.9104102,0.2496109
0.9895265,0.9240558,0.3202645
0.992575,0.932935,0.3789679
0.9944029,0.9431861,0.419418
0.9847346,0.952418,0.4492851
0.9722502,0.9604133,0.4564485
0.9538165,0.9579638,0.4548371
0.9342678,0.9667312,0.4352675
0.9144625,0.98612,0.4116485
0.8872299,1.01487,0.3688874
0.8635821,1.068296,0.3351025
0.8420983,1.136357,0.2848849
0.8323981,1.198861,0.2282058
0.8359187,1.247987,0.1721024
0.8491831,1.28821,0.1151736
0.8678688,1.303022,0.06783742
0.8924756,1.306623,0.03631033
0.9103059,1.285219,0.01000109
0.9276313,1.256871,-0.01360017
0.9358751,1.226092,-0.03759626
0.9475643,1.193767,-0.06149819
0.9573451,1.120019,-0.08652908
0.9672656,1.042974,-0.1072523
0.9627331,0.9775717,-0.1207179
0.9643099,0.9203587,-0.1195082
0.959333,0.8900039,-0.1037159
0.9582971,0.8690374,-0.06993534
0.9516467,0.8688683,-0.02281071
0.955641,0.8749845,0.04383722
0.9612579,0.8895033,0.1178932
0.9686322,0.9040306,0.1920029
0.978811,0.917437,0.2711944
0.989918,0.9288774,0.3371281
0.9942485,0.9382831,0.3966106
0.9913185,0.9477544,0.4268747
0.9812868,0.9570634,0.4558986
0.9651935,0.9587026,0.4561982
0.9478916,0.9609402,0.4523969
0.9274747,0.9765408,0.4295474
0.9081384,0.9957249,0.4028569
0.8782443,1.037722,0.3581676
0.8587155,1.089146,0.3224819
0.8369707,1.146478,0.2681238
0.8340265,1.210252,0.212522
0.8398753,1.257063,0.1561393
0.855985,1.296729,0.1028308
0.8752038,1.30396,0.05806375
0.8994744,1.306988,0.02955878
0.914873,1.279431,0.005020916
0.9303252,1.248924,-0.01734114
0.9387416,1.218048,-0.04116741
0.9495375,1.176159,-0.06619668
0.9599512,1.097462,-0.09092642
0.9657012,1.024617,-0.1098022
0.9630334,0.9637963,-0.1220439
0.9623125,0.913268,-0.1172652
0.9600457,0.8771245,-0.1010242
0.9551502,0.868884,-0.06398103
0.953132,0.8693157,-0.01593495
0.9552212,0.8811055,0.05440053
0.964659,0.8966275,0.128812
0.9705097,0.9103354,0.2034513
0.9845775,0.9237885,0.2823588
0.9906709,0.9331825,0.342692
0.9964834,0.9430065,0.4012869
0.9884521,0.9518747,0.4299614
0.9782811,0.96056,0.4567125
0.959918,0.9579853,0.4560629
0.9414509,0.9650168,0.4500951
0.9214575,0.9842229,0.4264403
0.9003895,1.0072,0.3967147
0.8703548,1.060999,0.3530138
0.8509959,1.114476,0.313133
0.8333293,1.173723,0.2576984
0.8343296,1.231318,0.2016958
0.8449797,1.275185,0.1424782
0.8615398,1.301525,0.09079637
0.8837655,1.305578,0.04940119
0.9053452,1.294577,0.02136222
0.9220937,1.265406,-0.003289342
0.9332114,1.236682,-0.0260075
0.94348,1.205213,-0.04997376
0.9538845,1.148995,-0.07472959
0.9659498,1.073363,-0.09731638
0.9631929,1.001863,-0.1141375
0.9653355,0.9428623,-0.1241491
0.9596304,0.9027638,-0.1143857
0.9634102,0.8756026,-0.09713221
0.951466,0.8688744,-0.05798976
0.9575964,0.8696052,-0.00996707
0.9579967,0.8820237,0.06436782
0.9681213,0.8968103,0.1413447
0.9755914,0.9099618,0.2153581
0.9895992,0.9235978,0.294821
0.9929913,0.9330554,0.3542488
0.9934618,0.943361,0.4074173
0.9838687,0.9525684,0.4367644
0.969817,0.9604468,0.4567021
0.9515815,0.95797,0.4556089
0.930766,0.966049,0.4437321
0.9115689,0.9855259,0.4198802
0.882681,1.011232,0.3823593
0.860666,1.064041,0.3425829
0.8385458,1.11584,0.2958221
0.8331249,1.172274,0.2399386
0.838098,1.2297,0.1833738
0.8533786,1.274067,0.1263839
0.8723288,1.301072,0.07895316
0.8981649,1.305309,0.04084079
0.9141089,1.297263,0.01466426
0.9298291,1.269822,-0.008027285
0.9378222,1.241126,-0.03178552
0.9487697,1.210878,-0.0560286
0.9591879,1.161062,-0.08032453
0.9662476,1.082186,-0.1026334
0.962805,1.008931,-0.1172222
0.9634451,0.948451,-0.122932
0.9595765,0.9071158,-0.1098607
0.9561929,0.8796004,-0.08574703
0.9525429,0.8689078,-0.04208443
0.9552306,0.8691158,0.01419692
0.9635729,0.8805044,0.09119097
0.9696444,0.8960392,0.1646336
0.9830557,0.9097799,0.2425045
0.9903566,0.9233524,0.3124637
0.9956482,0.9327616,0.3708404
0.9894074,0.9425322,0.4154429
0.9793563,0.9518016,0.4453118
0.9617763,0.9607654,0.4565228
0.9449593,0.9580352,0.454909
0.9231926,0.9651923,0.4361036
0.9031308,0.9854193,0.4124818
0.8719506,1.013257,0.3710886
0.8541424,1.065812,0.3368105
0.8341868,1.118816,0.2879405
0.8340471,1.178892,0.231132
0.8437442,1.235232,0.1762601
0.8604864,1.277588,0.1170093
0.8808644,1.301816,0.06966367
0.9036223,1.30589,0.03637631
0.9194208,1.292098,0.01096785
0.9316552,1.262515,-0.01272219
0.9403602,1.232227,-0.03697973
0.9513269,1.200005,-0.06032145
0.9627094,1.134958,-0.08543795
0.9639772,1.058015,-0.1064385
0.9640751,0.9918168,-0.1219574
0.9603897,0.9303517,-0.1181065
0.9616245,0.8968537,-0.10152
0.9522282,0.8694566,-0.06517445
0.9568977,0.8688679,-0.01976732
0.9564093,0.8721688,0.04882701
0.9679927,0.8862547,0.1270064
0.9729232,0.9011775,0.2017689
0.9894646,0.9142258,0.2777143
0.9916543,0.926352,0.3385719
0.9960873,0.9355959,0.3969701
0.9858955,0.9453847,0.4288053
0.9735317,0.9547219,0.4567076
0.9558567,0.9594382,0.456094
0.9361783,0.9595187,0.4520663
0.9156513,0.9711359,0.4285444
0.8892483,0.9915496,0.4012308
0.8645349,1.029291,0.3556191
0.8430972,1.079864,0.3205587
0.8323883,1.133487,0.268989
0.8358588,1.193694,0.21479
0.848883,1.24408,0.1569163
0.867164,1.286231,0.1019526
0.8918391,1.302821,0.05750155
0.9098274,1.306559,0.02826244
0.9270867,1.28549,0.003866732
0.9352322,1.255774,-0.01954705
0.9465809,1.226642,-0.04251406
0.9561438,1.192765,-0.06647968
0.9685524,1.118116,-0.09030254
0.962733,1.038402,-0.1100025
0.965675,0.974984,-0.1218593
0.9592925,0.9208135,-0.1175153
0.9592869,0.8908005,-0.1017199
0.9514964,0.8690482,-0.06616966
0.9552287,0.8688778,-0.01805611
0.9645413,0.874182,0.05166956
0.9702752,0.8893386,0.126345
0.9848831,0.9034931,0.2035966
0.9905781,0.9167824,0.2796982
0.9957632,0.9285027,0.3399732
0.9896469,0.9379241,0.397789
0.9795713,0.9478047,0.4290928
0.9630588,0.9572613,0.4567004
0.9455868,0.958684,0.4561971
0.9249417,0.960796,0.4537906
0.9057794,0.9764141,0.4296671
0.8741539,0.9967191,0.4053428
0.855065,1.043352,0.3601325
0.8343458,1.095335,0.3240602
0.8340055,1.153767,0.2696667
0.8434637,1.217043,0.2134854
0.8597021,1.261993,0.1579699
0.8796415,1.299832,0.1027107
0.902935,1.305613,0.05984014
0.9190307,1.294234,0.02930632
0.9315776,1.266586,0.00458467
0.9402524,1.236953,-0.01899812
0.9507933,1.206047,-0.04334947
0.9616219,1.146669,-0.06831598
0.9646403,1.067616,-0.09286396
0.9633245,1.000405,-0.1115645
0.9618521,0.9413825,-0.1227507
0.960273,0.9034621,-0.1168737
0.9545429,0.874965,-0.09976119
0.9536268,0.8688626,-0.06327341
0.9552345,0.8699918,-0.01540896
0.9646143,0.8829627,0.05423938
0.9704242,0.8977132,0.1286027
0.9844261,0.9109296,0.2015793
0.9906709,0.924657,0.2826238
0.9964226,0.9337888,0.3439808
0.9884365,0.9436556,0.4013945
0.9784853,0.9529021,0.430977
0.9601274,0.9601119,0.4567195
0.9422489,0.9583242,0.4560649
0.9220306,0.9668605,0.4505101
0.9003793,0.987359,0.4264707
0.8711985,1.015605,0.3992307
0.8525716,1.068667,0.3561483
0.8339359,1.1239,0.3213784
0.834012,1.18148,0.2690789
0.8436074,1.236311,0.2126862
0.8602,1.279902,0.1545294
0.8811381,1.302086,0.10222
0.903417,1.305997,0.05786297
0.9196039,1.290811,0.02781123
0.9321298,1.262647,0.00267759
0.9417714,1.232375,-0.02061754
0.952508,1.199144,-0.04483658
0.9640291,1.134685,-0.07187587
0.9637533,1.05878,-0.09469163
0.9640542,0.9912658,-0.1121011
0.9607315,0.9296468,-0.1233979
0.9609846,0.8969467,-0.1157017
0.9531499,0.8693842,-0.09776197
0.9546244,0.8688685,-0.05934094
0.9555172,0.8719334,-0.0137246
0.9656028,0.8863958,0.05818496
0.9707873,0.9024943,0.1328968
0.9851688,0.9157875,0.2067448
0.9906334,0.9276933,0.286686
0.9959272,0.9365318,0.3470409
0.9892439,0.9460351,0.4036153
0.9796848,0.9554104,0.4322385
0.9632652,0.9592165,0.4567226
0.9464278,0.959636,0.4558908
0.925555,0.9723748,0.4476193
0.906914,0.9934629,0.4249834
0.8762037,1.032172,0.3939377
0.8583602,1.082425,0.3519482
0.835871,1.138368,0.313847
0.8341203,1.200194,0.2585094
0.8577756,1.250446,0.2028681
0.8765625,1.292199,0.1438256
0.9004437,1.303489,0.09209672
0.916688,1.306913,0.0505352
0.9306433,1.282895,0.02360386
0.9392852,1.25233,-0.0002231
0.9504583,1.222104,-0.02358252
0.961145,1.186453,-0.04660356
0.964674,1.111605,-0.07215834
0.9633043,1.033067,-0.09586608
0.961588,0.9696074,-0.1131899
0.9604639,0.9161945,-0.1241043
0.9540297,0.8876921,-0.1138713
0.9540437,0.8690067,-0.09637449
0.9553629,0.868865,-0.0548209
0.9653766,0.8756097,-0.007417317
0.970755,0.8904942,0.06784245
0.9861863,0.9051866,0.1464916
0.9908158,0.9185622,0.2234506
0.9965839,0.9296441,0.3010231
0.9884833,0.9393543,0.3622465
0.978326,0.9488606,0.4112656
0.960796,0.9580668,0.439533
0.9437745,0.9585757,0.4566706
0.92245,0.9613649,0.4554484
0.9015955,0.9776239,0.441608
0.8724089,0.9971093,0.4181259
0.8528671,1.041767,0.3802373
0.8338193,1.093084,0.3412196
0.8340245,1.150537,0.2948831
0.8437361,1.212987,0.2393008
0.860033,1.257644,0.1855419
0.8810519,1.299085,0.1260696
0.9036759,1.303981,0.07946411
0.919983,1.307037,0.04209916
0.9321419,1.280093,0.01574603
0.9416443,1.249813,-0.007114768
0.9520286,1.218631,-0.03120214
0.9632667,1.176707,-0.0553416
0.9639258,1.102133,-0.0808097
0.9640588,1.028484,-0.1085609
0.960536,0.9644672,-0.1215851
0.9613234,0.9151937,-0.118071
0.9526097,0.8851816,-0.1013182
0.9556937,0.8689734,-0.06525873
0.9557992,0.8688599,-0.01752593
0.966523,0.8765325,0.05223978
0.9716186,0.8918146,0.1282673
0.9875879,0.9061342,0.2014423
0.9910287,0.9188085,0.2773611
0.9968375,0.9296775,0.3418186
0.9880813,0.9390981,0.3991005
0.9785331,0.9486203,0.4298425
0.960869,0.9581215,0.4567164
0.9428992,0.9585036,0.4560384
0.9216181,0.9612701,0.4496703
0.9006187,0.9780028,0.4263781
0.8712823,0.9983139,0.3970768
0.8526096,1.04642,0.3545779
0.8330219,1.099004,0.3159015
0.8345086,1.154436,0.2616609
0.8454183,1.2184,0.2056849
0.862291,1.263236,0.1475852
0.8842294,1.299665,0.09418377
0.9053364,1.304501,0.05170029
0.9221348,1.30235,0.02420133
0.933138,1.274324,-0.000166535
0.9428616,1.24543,-0.02260846
0.9528996,1.21566,-0.04694325
0.9647872,1.169371,-0.07236427
0.9627697,1.09139,-0.09530906
0.9661758,1.018502,-0.1129942
0.9593465,0.9549323,-0.1239521
0.9621035,0.9090653,-0.1139983
0.9513879,0.8797285,-0.0955624
0.9570146,0.868903,-0.05210619
0.9585542,0.8690754,-0.005325321
0.968159,0.8804352,0.0667441
0.9763181,0.8958594,0.1448667
0.9896097,0.909458,0.2194959
0.993037,0.9231182,0.2982606
0.9937189,0.9322202,0.3575863
0.982835,0.942142,0.4091341
0.9686257,0.9514709,0.4386135
0.9509492,0.9607641,0.456686
0.9311184,0.958097,0.4556113
0.911359,0.963201,0.444699
0.884179,0.9835776,0.4212438
0.8618541,1.006095,0.3867244
0.8405844,1.056823,0.3456264
0.8325565,1.110296,0.3009932
0.8368152,1.165993,0.2450089
0.8499095,1.22798,0.1906388
0.8684626,1.271612,0.1343025
0.893491,1.300882,0.08610108
0.9106103,1.305352,0.04593785
0.9272243,1.296171,0.01848435
0.9351531,1.2671,-0.005685717
0.946213,1.236722,-0.02943677
0.9555281,1.205349,-0.05302131
0.9682367,1.14939,-0.07821335
0.9627654,1.069746,-0.1002959
0.9660619,1.002409,-0.1157087
0.959315,0.9433777,-0.1242656
0.9615788,0.9040927,-0.1126332
0.9513826,0.8764335,-0.09136036
0.9570386,0.8688774,-0.04921624
0.9582616,0.8697044,0.003174931
0.9681405,0.882289,0.07990951
0.9755175,0.8977224,0.1579291
0.9895374,0.911272,0.2364027
0.9924886,0.9249725,0.3102885
0.9947526,0.9337996,0.3696659
0.983936,0.9439776,0.4147552
0.9703096,0.9531009,0.4445944
0.9525533,0.9600026,0.4566143
0.9324544,0.9585794,0.4552212
0.9107207,0.9679465,0.4393136
0.8827529,0.9884649,0.4155534
0.8608006,1.019366,0.3776179
0.8391231,1.072318,0.3413674
0.8328293,1.124412,0.2942638
0.8380628,1.182764,0.2411637
0.8523911,1.237582,0.18471
0.8710348,1.280801,0.1249804
0.895391,1.302169,0.07910515
0.9122837,1.306047,0.04174139
0.9293787,1.291364,0.01638043
0.9364558,1.261701,-0.006465793
0.9476972,1.231202,-0.02916828
0.957298,1.191779,-0.05213413
0.9673455,1.118455,-0.07777452
0.962719,1.038667,-0.1010511
0.9646949,0.9768466,-0.1162879
0.9593583,0.9202341,-0.1234587
0.9578695,0.8896272,-0.1102762
0.9518741,0.8690163,-0.08544503
0.9556353,0.8688629,-0.0423872
0.9607525,0.8757124,0.01319386
0.9685721,0.8902826,0.08670779
0.9783363,0.9044379,0.164917
0.9898041,0.9170918,0.2425045
0.9937793,0.9286059,0.3144148
0.9926457,0.9381771,0.3719183
0.9830467,0.9480543,0.4160535
0.9691726,0.9570048,0.4459272
0.9520085,0.9588014,0.4565493
0.9324571,0.9604797,0.4549739
0.9129416,0.9743292,0.4375919
0.8850521,0.9947996,0.4140556
0.8619087,1.037802,0.3720149
0.8407158,1.087737,0.3364772
0.8324969,1.144758,0.2877754
0.8368816,1.207961,0.2335087
0.8505675,1.255533,0.1769321
0.8682052,1.295684,0.1178113
0.89246,1.303851,0.07039152
0.9098762,1.307061,0.03797783
0.9268509,1.281667,0.0114665
0.9351506,1.251297,-0.01168132
0.9465266,1.222114,-0.0354583
0.9563782,1.188358,-0.05979782
0.9682376,1.110229,-0.08497244
0.9627225,1.031614,-0.1055496
0.965502,0.9685119,-0.1197086
0.9592962,0.9160724,-0.1202464
0.9588678,0.8873719,-0.105616
0.951646,0.868986,-0.07433651
0.9559516,0.8688574,-0.02962828
0.9602747,0.8770215,0.03154708
0.9685624,0.8920146,0.109191
0.9783658,0.905816,0.1859732
0.9897618,0.9192819,0.265709
0.9935744,0.9299093,0.3317873
0.9930272,0.939597,0.3892467
0.9834354,0.9523674,0.4235244
0.969923,0.960312,0.4530847
0.9525089,0.9579751,0.4563037
0.9326609,0.9663748,0.454376
0.9136562,0.9868321,0.4317847
0.8867645,1.016763,0.4073589
0.863687,1.070432,0.3617662
0.8424793,1.123074,0.3261057
0.8323992,1.182686,0.2718201
0.8363066,1.236997,0.2176536
0.849602,1.278502,0.1605718
0.8672251,1.30179,0.1040845
0.8908439,1.305929,0.06072524
0.9096856,1.292811,0.03009498
0.9266399,1.263748,0.004959315
0.9353154,1.233341,-0.01839906
0.9461372,1.200204,-0.04271191
0.9556732,1.134415,-0.06727216
0.9682111,1.059214,-0.09093723
0.9628381,0.9913982,-0.1101129
0.9661707,0.9331918,-0.1219354
0.9594641,0.897989,-0.1173921
0.9634825,0.870337,-0.1004864
0.9515597,0.8688645,-0.06246744
0.9584053,0.8710725,-0.01492454
0.9571413,0.8857085,0.05414989
0.9681302,0.9010477,0.133014
0.9738715,0.9136724,0.2077957
0.9894681,0.9264734,0.2848594
0.9919531,0.9355583,0.343466
0.9959218,0.9452088,0.4009055
0.9861579,0.9539868,0.4293407
0.9751524,0.9596521,0.4567131
0.9573997,0.9590925,0.4560588
0.9395262,0.9703469,0.4504426
0.9199081,0.9898671,0.4264431
0.8961802,1.023205,0.3990391
0.8690614,1.076598,0.3544906
0.8494334,1.132815,0.3155593
0.8330874,1.190934,0.2614673
0.8344196,1.244815,0.2053893
0.845322,1.287179,0.1468326
0.8639266,1.302858,0.09373552
0.8860987,1.306427,0.0530808
0.9060404,1.286757,0.02426308
0.9219536,1.257505,1.06E-05
0.9332815,1.226749,-0.02360746
0.9434094,1.193424,-0.04790491
0.9535035,1.120394,-0.07308903
0.9649788,1.040399,-0.096165
0.9631004,0.9767448,-0.1138993
0.9653131,0.9217517,-0.1240813
0.9597793,0.891369,-0.114487
0.9627053,0.869041,-0.09668774
0.9517627,0.8688789,-0.05648204
0.9581077,0.8737069,-0.007999938
0.9567057,0.888805,0.06807673
0.9682286,0.9036989,0.1422324
0.9727356,0.9169556,0.2198768
0.9894606,0.9285057,0.298566
0.9916012,0.9376042,0.3589576
0.9962975,0.9475444,0.4084173
0.9862874,0.9568503,0.4383199
0.9743981,0.9589099,0.4566587
0.9560421,0.9602293,0.4553669
0.9365008,0.973491,0.4412927
0.9166895,0.9939528,0.4174895
0.8921191,1.035972,0.3807014
0.865885,1.087461,0.3433692
0.846209,1.144345,0.2966852
0.8325305,1.20781,0.240864
0.8355005,1.253524,0.1848713
0.847656,1.293287,0.1161937
0.8649082,1.303562,0.07160214
0.8871071,1.307011,0.03831993
0.9074845,1.280875,0.01308057
0.9236969,1.250405,-0.01056623
0.9338359,1.220491,-0.03411216
0.9439672,1.180755,-0.05830109
0.9537494,1.102574,-0.08260891
0.9653565,1.02802,-0.104465
0.9631971,0.9664451,-0.1184202
0.9651215,0.9160286,-0.1221555
0.9597087,0.8858676,-0.108243
0.9627293,0.8689718,-0.08127502
0.9517425,0.868863,-0.03611873
0.9578786,0.8772419,0.02283055
0.9565991,0.8916301,0.09926026
0.9681641,0.9057293,0.1761656
0.9733499,0.9192187,0.2539627
0.9894624,0.9303168,0.3217291
0.9915941,0.9401039,0.3792723
0.996698,0.9495755,0.4194653
0.9866406,0.9590645,0.4492553
0.9760605,0.958292,0.4564921
0.958407,0.9619411,0.4548629
0.9407892,0.9798298,0.4353007
0.9209819,1.000128,0.4120543
0.8995577,1.05199,0.3686579
0.8707137,1.101528,0.3350875
0.8509682,1.160298,0.2826516
0.8335336,1.221824,0.2274148
0.8341402,1.266491,0.1708918
0.8442847,1.300361,0.1136109
0.8603551,1.304962,0.06655796
0.8813735,1.300512,0.03529988
0.9035863,1.272724,0.00909394
0.9197278,1.243244,-0.0133473
0.9318719,1.211959,-0.03623399
0.9407127,1.160143,-0.06110781
0.9512891,1.0845,-0.08592477
0.9620266,1.011398,-0.1071585
0.9645797,0.9510783,-0.1205801
0.9633667,0.9070949,-0.1192863
0.9618758,0.878346,-0.1033525
0.9602436,0.8688902,-0.07005838
0.9546351,0.8693775,-0.02217542
0.9530865,0.880964,0.04101564
0.9552104,0.8965638,0.1181759
0.963879,0.9101559,0.1928962
0.9696964,0.9231475,0.2685841
0.9823094,0.9327612,0.3331677
0.9902583,0.9425729,0.3916642
0.9951873,0.951831,0.4243841
0.9904677,0.9605564,0.4526764
0.9808779,0.9579998,0.4563819
0.9647048,0.9647331,0.4546358
0.9471009,0.9839513,0.4334856
0.9264889,1.006562,0.4099959
0.9076303,1.059633,0.3644614
0.8768941,1.113829,0.3288688
0.8587835,1.173143,0.2767081
0.8370804,1.232778,0.2205826
0.8336312,1.275185,0.1660897
0.8398208,1.301372,0.1087528
0.8559307,1.305603,0.06369761
0.8748869,1.294287,0.03383891
0.8997862,1.265325,0.007348388
0.9151941,1.23586,-0.01544878
0.9300816,1.203262,-0.03953281
0.937665,1.141494,-0.06446671
0.9487922,1.061759,-0.08926333
0.9587533,0.9943832,-0.1085422
0.9662023,0.9346356,-0.121522
0.9632187,0.8936377,-0.1185296
0.962171,0.8690729,-0.1026847
0.9599176,0.868884,-0.06738963
0.9551315,0.8732896,-0.02022032
0.9528112,0.8883035,0.04343933
0.9552513,0.9032897,0.1175745
0.9635567,0.9165751,0.1953522
0.9694656,0.9282042,0.2748434
0.9823186,0.9376221,0.3379447
0.9902599,0.9470419,0.3953362
0.9953371,0.956471,0.4267171
0.9899532,0.9588764,0.4546833
0.9802079,0.960583,0.4562336
0.9633387,0.9744431,0.4542422
0.9463613,0.9945754,0.4304036
0.9251726,1.03785,0.4061626
0.9062582,1.08979,0.3591885
0.8761414,1.147045,0.3238127
0.8581401,1.207265,0.2723347
0.8358597,1.255846,0.2160221
0.8341258,1.297643,0.1588839
0.8408895,1.304077,0.1049234
0.857419,1.305271,0.05960301
0.8764505,1.277376,0.02949592
0.9004585,1.2479,0.003505707
0.9159533,1.217667,-0.01889494
0.9303415,1.178115,-0.04284513
0.9382523,1.103512,-0.0667658
0.9491578,1.026465,-0.09102359
0.9594393,0.9631804,-0.1103586
0.9657271,0.9129608,-0.1222644
0.9630271,0.8833125,-0.1168798
0.9566372,0.8689342,-0.09981134
0.9588361,0.8688756,-0.06101905
0.96815,0.8786891,-0.01370785
0.976127,0.8931481,0.05776359
0.989601,0.906667,0.1325617
0.9927495,0.9193659,0.2061313
0.993895,0.9296742,0.2862161
0.98405,0.938819,0.3482778
0.9711627,0.9482964,0.4038465
0.952853,0.9576848,0.433728
0.9327857,0.958596,0.4567204
0.9135243,0.9613054,0.4558457
0.8872766,0.9780828,0.4469187
0.8634719,1.004856,0.4241789
0.8418393,1.05622,0.3944381
0.8324019,1.109951,0.3513288
0.8358955,1.16521,0.3101539
0.8482285,1.224616,0.2553667
0.8655474,1.267508,0.1992367
0.8888598,1.300281,0.1410955
0.9082476,1.304896,0.09133159
0.9248557,1.300395,0.04990843
0.9340013,1.273345,0.02296457
0.9446138,1.2428,-0.002064258
0.9546016,1.210788,-0.02586776
0.9666618,1.157948,-0.04886633
0.9630756,1.08072,-0.07365619
0.9652039,1.008605,-0.09717321
0.989877,0.9478899,-0.1136954
0.991814,0.9056863,-0.1243101
0.9822357,0.8779002,-0.1132983
0.9671712,0.8688893,-0.09521017
0.9498149,0.8694518,-0.05375941
0.9295704,0.8815108,-0.003507711
0.9103937,0.8969889,0.06897704
0.8816764,0.9105352,0.1474891
0.8602871,0.9242294,0.2244579
0.8383785,0.933189,0.3020841
0.8337179,0.9433145,0.3633775
0.8396987,0.9525166,0.4115211
0.8557343,0.9604328,0.439887
0.8735679,0.9579864,0.4566735
0.8982651,0.9658898,0.4555574
0.9143125,0.9860883,0.4429916
0.9297882,1.013485,0.419124
0.9376066,1.064518,0.3825797
0.9489485,1.117916,0.3428082
0.9588548,1.177119,0.2964083
0.9661336,1.235689,0.24351
0.9628779,1.277675,0.1809951
0.9633668,1.301764,0.1241709
0.9595056,1.30592,0.07571653
0.956557,1.292746,0.03943168
0.9521903,1.264971,0.01323998
0.9554173,1.234392,-0.0101828
0.9625129,1.202349,-0.03422895
0.9689531,1.138968,-0.05895996
0.9798697,1.058937,-0.08378249
0.9900132,0.993147,-0.1045306
0.9946528,0.9318287,-0.1191531
0.9912895,0.8980161,-0.1209668
0.9813803,0.8714417,-0.1060229
0.9661145,0.8688617,-0.07512154
0.9469782,0.8710945,-0.03077154
0.9255379,0.8855669,0.03128308
0.9071742,0.9006624,0.1094463
0.8764948,0.9133003,0.186873
0.8580768,0.9258721,0.261748
0.835569,0.935029,0.3281374
0.8340042,0.9452056,0.3878252
0.8421704,0.954507,0.4241781
0.8581721,0.9596555,0.4534663
0.8785698,0.9591485,0.4563464
0.9023721,0.9696549,0.4544454
0.9181836,0.9889987,0.4313794
0.9314974,1.022416,0.408679
0.940493,1.073046,0.3646912
0.9514159,1.125685,0.3290491
0.9621055,1.18598,0.275834
0.9642382,1.241657,0.2198067
0.9638526,1.282887,0.1647819
0.9606618,1.302216,0.1080677
0.9613571,1.306189,0.06391706
0.9528305,1.290711,0.03335448
0.9556812,1.26158,0.008124113
0.9559193,1.232056,-0.01452541
0.9670372,1.200845,-0.03807104
0.971955,1.136692,-0.06161991
0.9888718,1.057942,-0.08527163
0.9914424,0.9896377,-0.1064441
0.9970942,0.9307923,-0.1198763
0.9874918,0.896961,-0.1200302
0.9759522,0.8694872,-0.1049041
0.9574561,0.8688653,-0.07270975
0.9391195,0.87177,-0.02746346
0.9182987,0.8859863,0.03214156
0.8947983,0.9006779,0.1058086
0.8670253,0.9135652,0.1831307
0.8467112,0.9263917,0.2625767
0.8325521,0.9356126,0.3308706
0.8350996,0.9456206,0.3880445
0.8465108,0.9549477,0.4239229
0.8640436,0.9595058,0.4533922
0.8874143,0.9591277,0.4563498
0.9077642,0.9705478,0.454442
0.9244719,0.9908946,0.4316308
0.933926,1.027122,0.40675
0.9447209,1.079377,0.3606919
0.9547263,1.135891,0.3273572
0.967154,1.194463,0.2729149
0.962976,1.247114,0.2196708
0.9659476,1.289945,0.1631687
0.9594415,1.303209,0.1090027
0.9624753,1.306762,0.06474507
0.9514089,1.283292,0.0334308
0.9571323,1.254653,0.007091552
0.9585081,1.225485,-0.01577109
0.9681526,1.193197,-0.03927082
0.9763992,1.122295,-0.06418839
0.989604,1.042882,-0.08892596
0.9927914,0.9791549,-0.108869
0.9937996,0.9226768,-0.121385
0.9837047,0.893604,-0.1183315
0.9697285,0.869078,-0.1029624
0.9515059,0.8688919,-0.06856806
0.9312271,0.8736616,-0.0222286
0.9118247,0.8887037,0.1023903
0.8831341,0.9035159,0.1797879
0.8615314,0.916485,0.2558741
0.8405682,0.9283077,0.3247004
0.8326099,0.9373688,0.3852463
0.8372903,0.9469729,0.4211129
0.8508642,0.9563762,0.4504266
0.8684389,0.9588823,0.456429
0.8918949,0.9606301,0.4547736
0.9101485,0.9758432,0.4348496
0.9272243,0.9951133,0.412017
0.9353678,1.0389,0.3705551
0.94612,1.092015,0.3362174
0.9554737,1.146511,0.2877125
0.9676067,1.208612,0.2347013
0.9629155,1.254012,0.1786415
0.9660993,1.295593,0.1184254
0.9593704,1.303619,0.07189322
0.9625395,1.307024,0.03862546
0.9514414,1.281807,0.01355287
0.9578839,1.251931,-0.009451419
0.9576393,1.22153,-0.03268179
0.9680766,1.186592,-0.05579376
0.9745303,1.110266,-0.08029594
0.9895293,1.032063,-0.1020223
0.9925074,0.9679376,-0.1175722
0.9946544,0.9158021,-0.1224335
0.9844126,0.8870639,-0.1094586
0.9712265,0.8689886,-0.08560826
0.9539754,0.8688635,-0.04064782
0.9349631,0.8752526,0.01230296
0.9152534,0.889753,0.08970239
0.8890021,0.9038388,0.1671597
0.8638867,0.9168227,0.243866
0.8426687,0.9280185,0.317241
0.8324098,0.9374068,0.3780703
0.8365462,0.9473601,0.4193412
0.8502539,0.9566615,0.4486554
0.8677916,0.9588262,0.4564585
0.892738,0.9606473,0.4548339
0.9104757,0.9765363,0.4352844
0.9268221,0.9966847,0.4125037
0.9350317,1.042669,0.3717424
0.9464266,1.094909,0.3365579
0.9562529,1.153271,0.2859046
0.9683983,1.213963,0.2288127
0.962788,1.257673,0.1732019
0.9662212,1.299271,0.1150277
0.9593693,1.304255,0.06977692
0.9616607,1.304449,0.03736012
0.9513707,1.276339,0.01064491
0.956826,1.247629,-0.01311365
0.9584228,1.216746,-0.036899
0.9681721,1.171726,-0.06132185
0.9761128,1.096838,-0.08629432
0.9896324,1.024011,-0.1071781
0.9929066,0.963881,-0.1207735
0.9940552,0.9146442,-0.1194864
0.9839916,0.8859974,-0.1036975
0.9711376,0.8689886,-0.06993534
0.9532341,0.8688619,-0.02359498
0.9330519,0.8762748,0.04053761
0.9128941,0.890608,0.1146659
0.8857426,0.9049628,0.1913623
0.8628699,0.91763,0.2705734
0.8422909,0.9286458,0.3369732
0.8324337,0.9378822,0.3940317
0.8365229,0.9476318,0.4255403
0.8499341,0.956517,0.4550906
0.8685141,0.9588596,0.4562199
0.8933565,0.9603431,0.4531501
0.9104965,0.9737555,0.4290744
0.9268383,0.9936716,0.4023926
0.9355084,1.035082,0.3581597
0.9466619,1.086804,0.3216452
0.9565852,1.143888,0.2647564
0.9680495,1.204851,0.2117518
0.9627151,1.254347,0.1535289
0.9655799,1.296012,0.09961204
0.9592894,1.303906,0.05570441
0.9605338,1.306226,0.02772287
0.9514287,1.279573,0.002271801
0.9560941,1.249632,-0.02137038
0.9599286,1.218511,-0.04428291
0.9684935,1.176601,-0.06855318
0.9777499,1.099008,-0.0930077
0.9897789,1.02642,-0.1109965
0.9937332,0.9650983,-0.1225481
0.9923134,0.9139352,-0.1164975
0.9822163,0.8841905,-0.09900296
0.967315,0.8689525,-0.06157901
0.950253,0.8688608,-0.01422122
0.9300102,0.8770418,0.05813943
0.910743,0.8914018,0.1413266
0.8815309,0.9059383,0.2193522
0.8603346,0.9222971,0.2976887
0.8380277,0.9316235,0.3587479
0.8331099,0.9416962,0.4091961
0.8386787,0.9510952,0.4390217
0.8544621,0.9604704,0.4566777
0.8729161,0.9580834,0.4555053
0.8985715,0.9641917,0.4423166
